,parcel_id,t_a,pick_up,drop_off,h1,h2,shortest_distance,t_dl
0,p1,0,"(500.0, 866.03)","(500.0, -2598.08)",H1,H4,4000,182
1,p2,0,"(1000.0, 0.0)","(4000.0, -1732.05)",H1,H10,3999,141
2,p3,0,"(-500.0, 866.03)","(-2500.0, 866.03)",H1,H15,2000,106
3,p4,0,"(-500.0, -866.03)","(1000.0, 0.0)",H1,H3,2000,103
4,p5,0,"(-500.0, -866.03)","(-3500.0, 2598.08)",H1,H16,5000,255
5,p6,0,"(-500.0, 866.03)","(-3000.0, 0.0)",H1,H15,3000,115
6,p7,0,"(-1000.0, 0.0)","(3000.0, 1732.05)",H1,H8,4999,216
7,p8,0,"(500.0, -866.03)","(-2000.0, 1732.05)",H1,H6,4000,139
8,p9,0,"(500.0, -866.03)","(500.0, -2598.08)",H1,H11,1999,90
9,p10,0,"(0, 0)","(500.0, -4330.13)",H1,H12,5000,234
10,p11,0,"(500.0, 866.03)","(-2000.0, 1732.05)",H1,H17,2999,126
11,p12,0,"(0, 0)","(3500.0, -2598.08)",H1,H10,5000,261
12,p13,0,"(0, 0)","(-500.0, 2598.08)",H1,H7,3000,132
13,p14,0,"(-1000.0, 0.0)","(-1000.0, 1732.05)",H1,H7,1999,115
14,p15,1,"(500.0, 866.03)","(-2500.0, -2598.08)",H1,H13,5000,223
15,p16,1,"(500.0, 866.03)","(-2500.0, -866.03)",H1,H5,4000,145
16,p17,1,"(500.0, -866.03)","(0, 1732.05)",H1,H7,3000,125
17,p18,1,"(0, 0)","(4000.0, -1732.05)",H1,H10,4999,184
18,p19,1,"(500.0, -866.03)","(2000.0, -1732.05)",H1,H11,1999,74
19,p20,1,"(0, 0)","(2000.0, 1732.05)",H1,H19,2999,118
20,p21,1,"(500.0, 866.03)","(-1000.0, 3464.1)",H1,H18,2999,111
21,p22,1,"(-1000.0, 0.0)","(-2500.0, 866.03)",H1,H16,2000,99
22,p23,1,"(-500.0, 866.03)","(-2000.0, -1732.05)",H1,H13,3000,127
23,p24,1,"(-500.0, -866.03)","(-1000.0, -3464.1)",H1,H13,2999,157
24,p25,1,"(0, 0)","(0, 3464.1)",H1,H18,3999,183
25,p26,1,"(-1000.0, 0.0)","(-3500.0, 866.03)",H1,H16,3000,163
26,p27,1,"(500.0, -866.03)","(2500.0, -2598.08)",H1,H10,2999,181
27,p28,1,"(-500.0, -866.03)","(-1000.0, 3464.1)",H1,H18,5000,178
28,p29,1,"(1000.0, 0.0)","(1000.0, -3464.1)",H1,H12,3999,198
29,p30,1,"(-500.0, -866.03)","(-2000.0, -1732.05)",H1,H14,1999,61
30,p31,1,"(500.0, 866.03)","(-500.0, 4330.13)",H1,H18,3999,167
31,p32,1,"(500.0, 866.03)","(-2000.0, -3464.1)",H1,H13,5000,250
32,p33,1,"(0, 0)","(3500.0, -2598.08)",H1,H10,5000,238
33,p34,2,"(500.0, -866.03)","(-500.0, 2598.08)",H1,H18,4000,194
34,p35,2,"(-500.0, -866.03)","(2500.0, 2598.08)",H1,H8,5000,245
35,p36,2,"(500.0, 866.03)","(-2000.0, -3464.1)",H1,H13,5000,242
36,p37,2,"(-1000.0, 0.0)","(3500.0, 2598.08)",H1,H8,6000,261
37,p38,2,"(-500.0, 866.03)","(3500.0, -866.03)",H1,H10,5000,242
38,p39,2,"(500.0, 866.03)","(-500.0, -2598.08)",H1,H12,4000,179
39,p40,2,"(500.0, -866.03)","(3500.0, 866.03)",H1,H8,4000,189
40,p41,2,"(500.0, -866.03)","(-1000.0, -3464.1)",H1,H12,2999,182
41,p42,2,"(500.0, 866.03)","(-2000.0, -1732.05)",H1,H14,4000,177
42,p43,2,"(-1000.0, 0.0)","(-2000.0, -1732.05)",H1,H14,1999,89
43,p44,2,"(-1000.0, 0.0)","(1500.0, -866.03)",H1,H3,3000,132
44,p45,2,"(500.0, 866.03)","(-4000.0, 1732.05)",H1,H16,4999,218
45,p46,2,"(500.0, 866.03)","(-500.0, -2598.08)",H1,H13,4000,187
46,p47,2,"(0, 0)","(-3500.0, -2598.08)",H1,H14,5000,239
47,p48,2,"(-500.0, -866.03)","(-1500.0, 866.03)",H1,H6,2000,65
48,p49,3,"(0, 0)","(-4000.0, 1732.05)",H1,H16,4999,248
49,p50,3,"(-500.0, -866.03)","(1000.0, 0.0)",H1,H3,2000,94
50,p51,3,"(-500.0, 866.03)","(0, -3464.1)",H1,H12,5000,248
51,p52,3,"(0, 0)","(-3000.0, 1732.05)",H1,H16,3999,226
52,p53,3,"(-500.0, -866.03)","(-1000.0, 1732.05)",H1,H17,3000,130
53,p54,3,"(0, 0)","(-500.0, 2598.08)",H1,H17,3000,136
54,p55,3,"(-500.0, 866.03)","(500.0, 2598.08)",H1,H19,1999,83
55,p56,3,"(0, 0)","(1000.0, -1732.05)",H1,H3,1999,103
56,p57,3,"(-1000.0, 0.0)","(-500.0, 2598.08)",H1,H7,3000,129
57,p58,3,"(-500.0, 866.03)","(500.0, -866.03)",H1,H1,2000,93
58,p59,3,"(500.0, -866.03)","(2500.0, -2598.08)",H1,H11,2999,127
59,p60,3,"(1000.0, 0.0)","(4000.0, 1732.05)",H1,H8,3999,166
60,p61,3,"(-1000.0, 0.0)","(0, 1732.05)",H1,H7,1999,111
61,p62,3,"(-500.0, 866.03)","(3500.0, 2598.08)",H1,H8,4999,282
62,p63,3,"(0, 0)","(1000.0, 3464.1)",H1,H18,3999,224
63,p64,3,"(-500.0, -866.03)","(-3500.0, 866.03)",H1,H15,4000,176
64,p65,3,"(500.0, -866.03)","(-500.0, 4330.13)",H1,H18,6000,201
65,p66,3,"(-1000.0, 0.0)","(-3500.0, 866.03)",H1,H16,3000,124
66,p67,3,"(500.0, -866.03)","(3500.0, -866.03)",H1,H9,3000,151
67,p68,3,"(0, 0)","(-1000.0, -3464.1)",H1,H12,3999,193
68,p69,3,"(-500.0, -866.03)","(500.0, 4330.13)",H1,H18,6000,270
69,p70,3,"(500.0, 866.03)","(-1000.0, -1732.05)",H1,H13,3000,120
70,p71,3,"(500.0, -866.03)","(-500.0, -2598.08)",H1,H4,1999,85
71,p72,3,"(0, 0)","(-500.0, -2598.08)",H1,H13,3000,149
72,p73,3,"(500.0, -866.03)","(-1000.0, 3464.1)",H1,H17,5000,234
73,p74,3,"(1000.0, 0.0)","(1500.0, 2598.08)",H1,H19,3000,128
74,p75,4,"(-1000.0, 0.0)","(3500.0, -866.03)",H1,H10,5000,292
75,p76,4,"(0, 0)","(-1000.0, 1732.05)",H1,H7,1999,87
76,p77,4,"(-500.0, 866.03)","(-3500.0, -866.03)",H1,H14,4000,191
77,p78,4,"(-500.0, -866.03)","(-1000.0, -3464.1)",H1,H12,2999,140
78,p79,4,"(0, 0)","(-1000.0, 1732.05)",H1,H6,1999,103
79,p80,4,"(500.0, 866.03)","(3500.0, -2598.08)",H1,H10,5000,256
80,p81,4,"(-1000.0, 0.0)","(1500.0, -2598.08)",H1,H11,4000,148
81,p82,4,"(1000.0, 0.0)","(1000.0, 1732.05)",H1,H2,1999,87
82,p83,4,"(500.0, 866.03)","(-500.0, -2598.08)",H1,H4,4000,186
83,p84,4,"(-500.0, 866.03)","(4000.0, 0.0)",H1,H9,5000,250
84,p85,4,"(-500.0, -866.03)","(-2000.0, -1732.05)",H1,H14,1999,106
85,p86,4,"(-1000.0, 0.0)","(-500.0, 2598.08)",H1,H18,3000,126
86,p87,4,"(-1000.0, 0.0)","(-2500.0, -866.03)",H1,H5,2000,88
87,p88,4,"(0, 0)","(4000.0, 1732.05)",H1,H8,4999,268
88,p89,4,"(-1000.0, 0.0)","(-500.0, -4330.13)",H1,H12,5000,220
89,p90,4,"(0, 0)","(-2000.0, -1732.05)",H1,H5,2999,114
90,p91,4,"(-500.0, 866.03)","(-2500.0, -866.03)",H1,H5,3000,175
91,p92,4,"(-1000.0, 0.0)","(-1000.0, -1732.05)",H1,H4,1999,119
92,p93,4,"(-500.0, -866.03)","(1500.0, -866.03)",H1,H3,2000,87
93,p94,4,"(500.0, 866.03)","(500.0, -4330.13)",H1,H12,6000,220
94,p95,4,"(1000.0, 0.0)","(2000.0, 1732.05)",H1,H2,1999,107
95,p96,4,"(1000.0, 0.0)","(-500.0, 2598.08)",H1,H7,3000,130
96,p97,4,"(-500.0, -866.03)","(-2000.0, 1732.05)",H1,H17,3000,114
97,p98,4,"(-500.0, -866.03)","(1000.0, 0.0)",H1,H2,2000,88
98,p99,4,"(0, 0)","(-2500.0, 2598.08)",H1,H17,4000,199
99,p100,4,"(1000.0, 0.0)","(2500.0, 866.03)",H1,H9,2000,79
100,p101,4,"(-500.0, -866.03)","(1000.0, -1732.05)",H1,H11,1999,119
101,p102,4,"(-500.0, -866.03)","(3500.0, 2598.08)",H1,H8,6000,238
102,p103,4,"(-1000.0, 0.0)","(-2000.0, 1732.05)",H1,H16,1999,75
103,p104,4,"(500.0, 866.03)","(-500.0, -2598.08)",H1,H13,4000,204
104,p105,4,"(-1000.0, 0.0)","(-1000.0, -1732.05)",H1,H4,1999,84
105,p106,5,"(-1000.0, 0.0)","(-3500.0, -866.03)",H1,H14,3000,134
106,p107,5,"(-500.0, 866.03)","(-2500.0, 866.03)",H1,H16,2000,108
107,p108,5,"(-500.0, -866.03)","(-2500.0, -866.03)",H1,H5,2000,90
108,p109,5,"(-500.0, -866.03)","(3500.0, -2598.08)",H1,H10,4999,217
109,p110,5,"(500.0, 866.03)","(-4000.0, -1732.05)",H1,H14,6000,289
110,p111,5,"(0, 0)","(2000.0, -0.0)",H1,H2,2000,97
111,p112,5,"(-500.0, 866.03)","(4000.0, 1732.05)",H1,H8,4999,290
112,p113,5,"(-1000.0, 0.0)","(1000.0, -3464.1)",H1,H11,3999,192
113,p114,5,"(-500.0, 866.03)","(3500.0, 866.03)",H1,H9,4000,175
114,p115,5,"(-500.0, -866.03)","(-1000.0, 1732.05)",H1,H7,3000,107
115,p116,5,"(1000.0, 0.0)","(-500.0, 2598.08)",H1,H18,3000,156
116,p117,5,"(-1000.0, 0.0)","(2000.0, 1732.05)",H1,H8,3999,166
117,p118,5,"(500.0, 866.03)","(2500.0, -866.03)",H1,H9,3000,117
118,p119,5,"(0, 0)","(-4000.0, -1732.05)",H1,H14,4999,257
119,p120,5,"(-1000.0, 0.0)","(2500.0, -2598.08)",H1,H10,5000,167
120,p121,5,"(1000.0, 0.0)","(-2500.0, -866.03)",H1,H14,4000,240
121,p122,5,"(-1000.0, 0.0)","(500.0, -866.03)",H1,H4,2000,96
122,p123,5,"(-500.0, 866.03)","(-1000.0, -3464.1)",H1,H12,5000,230
123,p124,5,"(-500.0, 866.03)","(-3500.0, 866.03)",H1,H15,3000,120
124,p125,5,"(500.0, 866.03)","(-500.0, 2598.08)",H1,H18,1999,108
125,p126,5,"(0, 0)","(0, -1732.05)",H1,H4,1999,108
126,p127,5,"(0, 0)","(-1000.0, -1732.05)",H1,H4,1999,68
127,p128,5,"(500.0, -866.03)","(-1000.0, 0.0)",H1,H1,2000,80
128,p129,5,"(500.0, -866.03)","(2000.0, 1732.05)",H1,H8,3000,113
129,p130,5,"(500.0, -866.03)","(2500.0, -866.03)",H1,H10,2000,91
130,p131,5,"(500.0, 866.03)","(-1000.0, -3464.1)",H1,H12,5000,167
131,p132,5,"(-1000.0, 0.0)","(-2500.0, 866.03)",H1,H16,2000,115
132,p133,5,"(500.0, -866.03)","(4000.0, 0.0)",H1,H9,4000,212
133,p134,5,"(-1000.0, 0.0)","(0, -3464.1)",H1,H12,3999,137
134,p135,6,"(500.0, -866.03)","(500.0, 866.03)",H1,H1,2000,102
135,p136,6,"(0, 0)","(-500.0, -2598.08)",H1,H12,3000,101
136,p137,6,"(500.0, -866.03)","(-1000.0, 0.0)",H1,H5,2000,105
137,p138,6,"(500.0, -866.03)","(-2000.0, 0.0)",H1,H5,3000,133
138,p139,6,"(500.0, -866.03)","(1000.0, 1732.05)",H1,H2,3000,108
139,p140,6,"(0, 0)","(-500.0, -2598.08)",H1,H13,3000,99
140,p141,6,"(500.0, -866.03)","(2000.0, -1732.05)",H1,H3,1999,80
141,p142,6,"(500.0, 866.03)","(-1000.0, 3464.1)",H1,H18,2999,175
142,p143,6,"(500.0, 866.03)","(1000.0, 3464.1)",H1,H19,2999,180
143,p144,6,"(0, 0)","(-2000.0, -1732.05)",H1,H14,2999,128
144,p145,6,"(500.0, -866.03)","(-500.0, -2598.08)",H1,H13,1999,113
145,p146,6,"(0, 0)","(-1000.0, 1732.05)",H1,H17,1999,77
146,p147,6,"(-500.0, 866.03)","(3500.0, -2598.08)",H1,H10,6000,319
147,p148,6,"(500.0, -866.03)","(-2000.0, -3464.1)",H1,H13,3999,213
148,p149,6,"(1000.0, 0.0)","(-3000.0, 1732.05)",H1,H16,4999,240
149,p150,6,"(1000.0, 0.0)","(-2000.0, -1732.05)",H1,H5,3999,179
150,p151,6,"(500.0, 866.03)","(1000.0, -1732.05)",H1,H11,3000,140
151,p152,6,"(0, 0)","(-2500.0, 866.03)",H1,H16,3000,145
152,p153,6,"(-500.0, 866.03)","(1000.0, -1732.05)",H1,H11,3000,109
153,p154,7,"(1000.0, 0.0)","(1000.0, -3464.1)",H1,H11,3999,165
154,p155,7,"(1000.0, 0.0)","(500.0, -2598.08)",H1,H11,3000,176
155,p156,7,"(1000.0, 0.0)","(-500.0, 866.03)",H1,H1,2000,88
156,p157,7,"(1000.0, 0.0)","(2500.0, 2598.08)",H1,H8,3000,160
157,p158,7,"(0, 0)","(-500.0, -2598.08)",H1,H13,3000,167
158,p159,7,"(0, 0)","(-2500.0, -2598.08)",H1,H14,4000,218
159,p160,7,"(-500.0, 866.03)","(500.0, -2598.08)",H1,H4,4000,242
160,p161,7,"(-500.0, -866.03)","(-4000.0, -1732.05)",H1,H14,3999,139
161,p162,7,"(-500.0, -866.03)","(3500.0, 866.03)",H1,H8,5000,241
162,p163,7,"(1000.0, 0.0)","(0, 3464.1)",H1,H18,3999,221
163,p164,7,"(1000.0, 0.0)","(1000.0, 1732.05)",H1,H2,1999,78
164,p165,7,"(-500.0, 866.03)","(-2000.0, -3464.1)",H1,H13,5000,235
165,p166,7,"(-500.0, -866.03)","(2000.0, 1732.05)",H1,H2,4000,242
166,p167,7,"(500.0, -866.03)","(-2000.0, -1732.05)",H1,H13,2999,117
167,p168,7,"(-500.0, 866.03)","(3500.0, -2598.08)",H1,H10,6000,245
168,p169,7,"(500.0, 866.03)","(2000.0, 1732.05)",H1,H2,1999,92
169,p170,7,"(500.0, 866.03)","(-1500.0, -2598.08)",H1,H13,4000,190
170,p171,7,"(-500.0, -866.03)","(-4000.0, 0.0)",H1,H15,4000,204
171,p172,7,"(-500.0, -866.03)","(500.0, -2598.08)",H1,H4,1999,89
172,p173,8,"(500.0, -866.03)","(-1000.0, -1732.05)",H1,H5,1999,93
173,p174,8,"(500.0, -866.03)","(-1500.0, -2598.08)",H1,H13,2999,108
174,p175,8,"(-1000.0, 0.0)","(1000.0, 1732.05)",H1,H2,2999,126
175,p176,8,"(-500.0, -866.03)","(2500.0, -866.03)",H1,H9,3000,112
176,p177,8,"(0, 0)","(1000.0, 1732.05)",H1,H19,1999,89
177,p178,8,"(-1000.0, 0.0)","(1000.0, 0.0)",H1,H1,2000,89
178,p179,8,"(500.0, 866.03)","(2000.0, 1732.05)",H1,H8,1999,119
179,p180,8,"(1000.0, 0.0)","(-1000.0, 3464.1)",H1,H17,3999,207
180,p181,8,"(-1000.0, 0.0)","(1000.0, -3464.1)",H1,H11,3999,161
181,p182,8,"(-1000.0, 0.0)","(2000.0, 1732.05)",H1,H8,3999,183
182,p183,8,"(500.0, 866.03)","(3500.0, -866.03)",H1,H9,4000,162
183,p184,8,"(-500.0, -866.03)","(-500.0, 866.03)",H1,H6,2000,78
184,p185,8,"(1000.0, 0.0)","(-2500.0, -2598.08)",H1,H14,5000,176
185,p186,8,"(0, 0)","(-3000.0, 1732.05)",H1,H16,3999,188
186,p187,8,"(-500.0, -866.03)","(4000.0, -1732.05)",H1,H10,4999,296
187,p188,8,"(500.0, 866.03)","(-3500.0, 2598.08)",H1,H16,4999,242
188,p189,8,"(0, 0)","(0, 3464.1)",H1,H18,3999,222
189,p190,8,"(1000.0, 0.0)","(-3500.0, -866.03)",H1,H14,5000,233
190,p191,8,"(-500.0, 866.03)","(1500.0, -866.03)",H1,H3,3000,170
191,p192,8,"(0, 0)","(-2000.0, 0.0)",H1,H15,2000,106
192,p193,8,"(500.0, -866.03)","(3500.0, -2598.08)",H1,H10,3999,176
193,p194,8,"(0, 0)","(-2500.0, -866.03)",H1,H15,3000,154
194,p195,9,"(-1000.0, 0.0)","(-4000.0, 0.0)",H1,H15,3000,137
195,p196,9,"(1000.0, 0.0)","(-3000.0, -1732.05)",H1,H14,4999,246
196,p197,9,"(500.0, 866.03)","(2500.0, 2598.08)",H1,H19,2999,162
197,p198,9,"(-500.0, -866.03)","(-2000.0, -3464.1)",H1,H13,2999,119
198,p199,9,"(-500.0, 866.03)","(-500.0, 2598.08)",H1,H18,1999,123
199,p200,9,"(-500.0, -866.03)","(-2500.0, 866.03)",H1,H16,3000,140
200,p201,9,"(500.0, -866.03)","(-2000.0, 1732.05)",H1,H16,4000,146
201,p202,9,"(-500.0, 866.03)","(-3500.0, -2598.08)",H1,H14,5000,252
202,p203,9,"(0, 0)","(2000.0, -0.0)",H1,H2,2000,108
203,p204,9,"(500.0, -866.03)","(-2000.0, -1732.05)",H1,H14,2999,114
204,p205,9,"(500.0, -866.03)","(-2500.0, -866.03)",H1,H15,3000,146
205,p206,9,"(-500.0, 866.03)","(-500.0, 2598.08)",H1,H17,1999,115
206,p207,9,"(500.0, 866.03)","(-2000.0, 0.0)",H1,H6,3000,155
207,p208,9,"(-1000.0, 0.0)","(-500.0, 4330.13)",H1,H18,5000,231
208,p209,10,"(0, 0)","(2000.0, -0.0)",H1,H2,2000,88
209,p210,10,"(-1000.0, 0.0)","(-500.0, 4330.13)",H1,H18,5000,172
210,p211,10,"(1000.0, 0.0)","(3000.0, -1732.05)",H1,H10,2999,175
211,p212,10,"(0, 0)","(-2000.0, 0.0)",H1,H15,2000,85
212,p213,10,"(500.0, 866.03)","(-1000.0, -0.0)",H1,H6,2000,72
213,p214,10,"(500.0, -866.03)","(1500.0, 866.03)",H1,H2,2000,91
214,p215,10,"(1000.0, 0.0)","(-1500.0, -866.03)",H1,H5,3000,125
215,p216,10,"(-1000.0, 0.0)","(-2500.0, -866.03)",H1,H5,2000,79
216,p217,10,"(-500.0, -866.03)","(-3000.0, -1732.05)",H1,H14,2999,147
217,p218,10,"(500.0, -866.03)","(-500.0, -2598.08)",H1,H13,1999,79
218,p219,10,"(1000.0, 0.0)","(-3500.0, -866.03)",H1,H15,5000,244
219,p220,10,"(-500.0, -866.03)","(-1000.0, 1732.05)",H1,H6,3000,162
220,p221,10,"(-1000.0, 0.0)","(2500.0, -2598.08)",H1,H11,5000,295
221,p222,10,"(500.0, 866.03)","(500.0, 2598.08)",H1,H19,1999,97
222,p223,11,"(-1000.0, 0.0)","(-3500.0, -866.03)",H1,H14,3000,144
223,p224,11,"(-500.0, 866.03)","(4000.0, 0.0)",H1,H9,5000,287
224,p225,11,"(500.0, -866.03)","(2500.0, 2598.08)",H1,H8,4000,229
225,p226,11,"(500.0, -866.03)","(-1500.0, 2598.08)",H1,H17,4000,239
226,p227,11,"(-1000.0, 0.0)","(-1000.0, -3464.1)",H1,H13,3999,152
227,p228,11,"(1000.0, 0.0)","(2000.0, -1732.05)",H1,H10,1999,120
228,p229,11,"(500.0, -866.03)","(2000.0, 1732.05)",H1,H8,3000,169
229,p230,11,"(-500.0, 866.03)","(-500.0, 4330.13)",H1,H18,3999,152
230,p231,11,"(0, 0)","(1000.0, -1732.05)",H1,H3,1999,113
231,p232,11,"(500.0, -866.03)","(3500.0, -866.03)",H1,H9,3000,160
232,p233,11,"(0, 0)","(2000.0, 1732.05)",H1,H2,2999,182
233,p234,11,"(-500.0, -866.03)","(-500.0, 2598.08)",H1,H18,4000,189
234,p235,11,"(500.0, -866.03)","(2500.0, 2598.08)",H1,H19,4000,172
235,p236,11,"(1000.0, 0.0)","(-500.0, 866.03)",H1,H7,2000,114
236,p237,11,"(500.0, 866.03)","(2500.0, -866.03)",H1,H10,3000,157
237,p238,11,"(500.0, -866.03)","(1000.0, 3464.1)",H1,H19,5000,218
238,p239,11,"(-500.0, -866.03)","(2000.0, 1732.05)",H1,H19,4000,218
239,p240,12,"(-500.0, 866.03)","(1000.0, 1732.05)",H1,H7,1999,108
240,p241,12,"(500.0, 866.03)","(2000.0, 1732.05)",H1,H19,1999,93
241,p242,12,"(500.0, -866.03)","(1500.0, 2598.08)",H1,H19,4000,187
242,p243,12,"(500.0, 866.03)","(500.0, 4330.13)",H1,H18,3999,225
243,p244,12,"(-1000.0, 0.0)","(4000.0, -1732.05)",H1,H10,5999,210
244,p245,12,"(1000.0, 0.0)","(3000.0, 0.0)",H1,H9,2000,83
245,p246,12,"(0, 0)","(1000.0, 3464.1)",H1,H19,3999,161
246,p247,12,"(-500.0, 866.03)","(-1500.0, -866.03)",H1,H5,2000,105
247,p248,12,"(500.0, 866.03)","(-2000.0, 1732.05)",H1,H17,2999,145
248,p249,12,"(-500.0, -866.03)","(-2000.0, 1732.05)",H1,H17,3000,183
249,p250,12,"(1000.0, 0.0)","(500.0, 2598.08)",H1,H19,3000,163
250,p251,12,"(500.0, -866.03)","(2500.0, -866.03)",H1,H9,2000,95
251,p252,12,"(500.0, 866.03)","(-1000.0, 0.0)",H1,H5,2000,95
252,p253,12,"(500.0, 866.03)","(-1000.0, -0.0)",H1,H6,2000,95
253,p254,12,"(500.0, -866.03)","(-1000.0, -3464.1)",H1,H13,2999,160
254,p255,12,"(-500.0, -866.03)","(-2500.0, 2598.08)",H1,H16,4000,209
255,p256,12,"(0, 0)","(-1000.0, 3464.1)",H1,H18,3999,185
256,p257,12,"(500.0, 866.03)","(2000.0, 0.0)",H1,H9,2000,111
257,p258,13,"(0, 0)","(-2000.0, 0.0)",H1,H6,2000,111
258,p259,13,"(-500.0, 866.03)","(-2000.0, -1732.05)",H1,H14,3000,128
259,p260,13,"(-500.0, 866.03)","(-500.0, 2598.08)",H1,H18,1999,129
260,p261,13,"(500.0, 866.03)","(500.0, -2598.08)",H1,H4,4000,159
261,p262,13,"(500.0, -866.03)","(-1000.0, 0.0)",H1,H1,2000,95
262,p263,13,"(0, 0)","(-2500.0, -866.03)",H1,H5,3000,162
263,p264,13,"(0, 0)","(4000.0, 0.0)",H1,H9,4000,167
264,p265,13,"(1000.0, 0.0)","(-1000.0, 1732.05)",H1,H17,2999,141
265,p266,13,"(500.0, 866.03)","(-2000.0, -1732.05)",H1,H14,4000,172
266,p267,13,"(-1000.0, 0.0)","(-1000.0, 3464.1)",H1,H17,3999,227
267,p268,13,"(500.0, -866.03)","(-2000.0, 0.0)",H1,H6,3000,157
268,p269,13,"(0, 0)","(-3500.0, -866.03)",H1,H15,4000,237
269,p270,13,"(-500.0, 866.03)","(2500.0, 866.03)",H1,H8,3000,174
270,p271,13,"(500.0, -866.03)","(500.0, 2598.08)",H1,H19,4000,167
271,p272,13,"(0, 0)","(2000.0, 1732.05)",H1,H19,2999,129
272,p273,14,"(0, 0)","(-1000.0, -3464.1)",H1,H13,3999,172
273,p274,14,"(1000.0, 0.0)","(-1000.0, 3464.1)",H1,H17,3999,186
274,p275,14,"(1000.0, 0.0)","(500.0, -2598.08)",H1,H4,3000,116
275,p276,14,"(-1000.0, 0.0)","(3000.0, 0.0)",H1,H9,4000,148
276,p277,14,"(0, 0)","(1000.0, 1732.05)",H1,H2,1999,111
277,p278,14,"(500.0, -866.03)","(4000.0, 1732.05)",H1,H8,5000,245
278,p279,14,"(0, 0)","(-3000.0, 1732.05)",H1,H16,3999,158
279,p280,14,"(1000.0, 0.0)","(-1000.0, 1732.05)",H1,H6,2999,109
280,p281,14,"(-500.0, 866.03)","(3000.0, 1732.05)",H1,H8,3999,213
281,p282,14,"(1000.0, 0.0)","(3500.0, -866.03)",H1,H9,3000,189
282,p283,14,"(500.0, -866.03)","(4000.0, -1732.05)",H1,H10,3999,194
283,p284,14,"(1000.0, 0.0)","(-2000.0, 0.0)",H1,H6,3000,164
284,p285,14,"(-1000.0, 0.0)","(1500.0, -2598.08)",H1,H11,4000,197
285,p286,14,"(500.0, -866.03)","(2500.0, 2598.08)",H1,H8,4000,199
286,p287,14,"(-500.0, -866.03)","(2500.0, 866.03)",H1,H8,4000,142
287,p288,14,"(500.0, 866.03)","(2500.0, -866.03)",H1,H9,3000,142
288,p289,14,"(-1000.0, 0.0)","(2000.0, 0.0)",H1,H3,3000,133
289,p290,15,"(-500.0, -866.03)","(3500.0, 2598.08)",H1,H8,6000,313
290,p291,15,"(500.0, 866.03)","(500.0, 2598.08)",H1,H7,1999,95
291,p292,15,"(0, 0)","(-2000.0, -1732.05)",H1,H13,2999,144
292,p293,15,"(500.0, -866.03)","(3500.0, -866.03)",H1,H10,3000,144
293,p294,15,"(-500.0, -866.03)","(-500.0, 866.03)",H1,H6,2000,123
294,p295,15,"(-1000.0, 0.0)","(-3500.0, -866.03)",H1,H14,3000,126
295,p296,15,"(-500.0, 866.03)","(-2500.0, -866.03)",H1,H14,3000,108
296,p297,15,"(-1000.0, 0.0)","(1000.0, 0.0)",H1,H1,2000,118
297,p298,15,"(-1000.0, 0.0)","(2500.0, 866.03)",H1,H2,4000,200
298,p299,15,"(500.0, 866.03)","(-1500.0, -2598.08)",H1,H13,4000,185
299,p300,15,"(1000.0, 0.0)","(3500.0, -866.03)",H1,H10,3000,121
300,p301,15,"(500.0, 866.03)","(-500.0, -2598.08)",H1,H13,4000,178
301,p302,15,"(500.0, 866.03)","(3000.0, 0.0)",H1,H9,3000,130
302,p303,15,"(1000.0, 0.0)","(-2000.0, 1732.05)",H1,H6,3999,233
303,p304,15,"(500.0, -866.03)","(1000.0, 3464.1)",H1,H19,5000,285
304,p305,15,"(0, 0)","(-500.0, 2598.08)",H1,H18,3000,119
305,p306,15,"(-500.0, -866.03)","(2500.0, -2598.08)",H1,H10,3999,224
306,p307,15,"(500.0, -866.03)","(1000.0, 3464.1)",H1,H18,5000,210
307,p308,15,"(1000.0, 0.0)","(2000.0, 1732.05)",H1,H8,1999,106
308,p309,15,"(500.0, 866.03)","(-3500.0, 2598.08)",H1,H16,4999,237
309,p310,15,"(500.0, 866.03)","(500.0, -866.03)",H1,H3,2000,112
310,p311,15,"(-1000.0, 0.0)","(-500.0, 4330.13)",H1,H18,5000,279
311,p312,15,"(0, 0)","(-1000.0, 1732.05)",H1,H6,1999,111
312,p313,15,"(0, 0)","(-3500.0, -866.03)",H1,H15,4000,227
313,p314,15,"(-500.0, 866.03)","(-500.0, -4330.13)",H1,H12,6000,336
314,p315,15,"(500.0, 866.03)","(3000.0, 1732.05)",H1,H8,2999,114
315,p316,15,"(500.0, -866.03)","(-1000.0, 1732.05)",H1,H7,3000,141
316,p317,15,"(500.0, -866.03)","(-3000.0, 0.0)",H1,H15,4000,188
317,p318,16,"(1000.0, 0.0)","(-500.0, -2598.08)",H1,H13,3000,163
318,p319,16,"(0, 0)","(-2500.0, -2598.08)",H1,H14,4000,203
319,p320,16,"(0, 0)","(1000.0, 3464.1)",H1,H19,3999,164
320,p321,16,"(500.0, -866.03)","(-2000.0, -3464.1)",H1,H13,3999,172
321,p322,16,"(-1000.0, 0.0)","(1000.0, -1732.05)",H1,H3,2999,183
322,p323,16,"(-1000.0, 0.0)","(-3500.0, 2598.08)",H1,H16,4000,169
323,p324,16,"(-1000.0, 0.0)","(-1000.0, -1732.05)",H1,H5,1999,82
324,p325,16,"(500.0, 866.03)","(2000.0, 1732.05)",H1,H19,1999,78
325,p326,16,"(-500.0, 866.03)","(-2000.0, 0.0)",H1,H5,2000,111
326,p327,16,"(500.0, -866.03)","(-2500.0, 866.03)",H1,H6,4000,215
327,p328,16,"(-500.0, -866.03)","(4000.0, 1732.05)",H1,H8,6000,268
328,p329,16,"(-500.0, 866.03)","(-500.0, -866.03)",H1,H1,2000,102
329,p330,16,"(-1000.0, 0.0)","(1500.0, 866.03)",H1,H2,3000,124
330,p331,16,"(-500.0, -866.03)","(1500.0, 866.03)",H1,H2,3000,144
331,p332,16,"(1000.0, 0.0)","(-2000.0, -1732.05)",H1,H14,3999,150
332,p333,16,"(1000.0, 0.0)","(-500.0, 2598.08)",H1,H17,3000,129
333,p334,16,"(-500.0, -866.03)","(-2000.0, 0.0)",H1,H15,2000,121
334,p335,16,"(-500.0, -866.03)","(-500.0, -4330.13)",H1,H12,3999,242
335,p336,16,"(-1000.0, 0.0)","(1000.0, -3464.1)",H1,H11,3999,146
336,p337,16,"(1000.0, 0.0)","(2500.0, -866.03)",H1,H3,2000,136
337,p338,16,"(500.0, -866.03)","(-1500.0, 866.03)",H1,H6,3000,142
338,p339,17,"(0, 0)","(2500.0, -2598.08)",H1,H10,4000,153
339,p340,17,"(-500.0, -866.03)","(-3500.0, 2598.08)",H1,H16,5000,206
340,p341,17,"(500.0, -866.03)","(-500.0, 2598.08)",H1,H7,4000,182
341,p342,17,"(500.0, -866.03)","(-1000.0, -1732.05)",H1,H4,1999,101
342,p343,17,"(1000.0, 0.0)","(2500.0, -866.03)",H1,H10,2000,136
343,p344,17,"(-500.0, -866.03)","(2000.0, 1732.05)",H1,H8,4000,195
344,p345,17,"(-500.0, 866.03)","(3000.0, -1732.05)",H1,H10,5000,287
345,p346,17,"(1000.0, 0.0)","(-500.0, -2598.08)",H1,H12,3000,139
346,p347,17,"(-500.0, 866.03)","(-3500.0, -866.03)",H1,H14,4000,216
347,p348,17,"(500.0, -866.03)","(-1000.0, -1732.05)",H1,H13,1999,98
348,p349,17,"(500.0, 866.03)","(-1000.0, -1732.05)",H1,H13,3000,136
349,p350,17,"(0, 0)","(1500.0, 2598.08)",H1,H19,3000,149
350,p351,18,"(1000.0, 0.0)","(-1000.0, 0.0)",H1,H5,2000,104
351,p352,18,"(1000.0, 0.0)","(-3000.0, 0.0)",H1,H15,4000,195
352,p353,18,"(-500.0, 866.03)","(3000.0, -1732.05)",H1,H10,5000,210
353,p354,18,"(-500.0, 866.03)","(1000.0, -1732.05)",H1,H3,3000,136
354,p355,18,"(1000.0, 0.0)","(2000.0, 1732.05)",H1,H19,1999,127
355,p356,18,"(500.0, 866.03)","(0, -1732.05)",H1,H4,3000,181
356,p357,18,"(0, 0)","(1000.0, 1732.05)",H1,H7,1999,91
357,p358,18,"(-1000.0, 0.0)","(1000.0, 0.0)",H1,H3,2000,103
358,p359,18,"(-1000.0, 0.0)","(-500.0, -4330.13)",H1,H12,5000,261
359,p360,18,"(-500.0, 866.03)","(-2000.0, -1732.05)",H1,H13,3000,180
360,p361,18,"(-1000.0, 0.0)","(-500.0, 2598.08)",H1,H7,3000,133
361,p362,18,"(-500.0, 866.03)","(-2000.0, 0.0)",H1,H6,2000,108
362,p363,18,"(500.0, -866.03)","(-3500.0, 866.03)",H1,H16,5000,255
363,p364,18,"(500.0, 866.03)","(-2000.0, 1732.05)",H1,H6,2999,162
364,p365,18,"(500.0, 866.03)","(2500.0, -2598.08)",H1,H11,4000,172
365,p366,18,"(-500.0, 866.03)","(-2000.0, 0.0)",H1,H6,2000,91
366,p367,18,"(500.0, 866.03)","(-3000.0, -1732.05)",H1,H14,5000,213
367,p368,18,"(500.0, -866.03)","(500.0, 866.03)",H1,H7,2000,102
368,p369,18,"(0, 0)","(-2500.0, 2598.08)",H1,H16,4000,186
369,p370,18,"(1000.0, 0.0)","(-1000.0, -1732.05)",H1,H13,2999,150
370,p371,19,"(1000.0, 0.0)","(-3500.0, -866.03)",H1,H15,5000,229
371,p372,19,"(500.0, 866.03)","(-2000.0, 0.0)",H1,H6,3000,155
372,p373,19,"(-500.0, 866.03)","(500.0, 2598.08)",H1,H7,1999,126
373,p374,19,"(0, 0)","(-4000.0, 1732.05)",H1,H16,4999,309
374,p375,19,"(500.0, 866.03)","(-500.0, -2598.08)",H1,H4,4000,160
375,p376,19,"(-1000.0, 0.0)","(-2500.0, -866.03)",H1,H5,2000,136
376,p377,19,"(500.0, 866.03)","(500.0, -4330.13)",H1,H12,6000,325
377,p378,19,"(1000.0, 0.0)","(3500.0, -2598.08)",H1,H10,4000,156
378,p379,19,"(0, 0)","(0, 1732.05)",H1,H7,1999,103
379,p380,19,"(500.0, 866.03)","(-2500.0, 866.03)",H1,H6,3000,147
380,p381,19,"(500.0, 866.03)","(-4000.0, 1732.05)",H1,H16,4999,250
381,p382,19,"(-1000.0, 0.0)","(3500.0, 866.03)",H1,H8,5000,217
382,p383,19,"(-500.0, -866.03)","(-2000.0, 0.0)",H1,H15,2000,104
383,p384,19,"(-1000.0, 0.0)","(3500.0, -866.03)",H1,H9,5000,262
384,p385,19,"(-1000.0, 0.0)","(-3500.0, 866.03)",H1,H15,3000,124
385,p386,19,"(500.0, -866.03)","(-2500.0, 866.03)",H1,H16,4000,199
386,p387,19,"(-500.0, -866.03)","(4000.0, 1732.05)",H1,H8,6000,268
387,p388,19,"(-1000.0, 0.0)","(-1000.0, -3464.1)",H1,H12,3999,235
388,p389,19,"(500.0, 866.03)","(-1000.0, 1732.05)",H1,H17,1999,94
389,p390,19,"(-1000.0, 0.0)","(-2500.0, 866.03)",H1,H16,2000,98
390,p391,19,"(1000.0, 0.0)","(-1000.0, -3464.1)",H1,H13,3999,178
391,p392,19,"(500.0, -866.03)","(-4000.0, 0.0)",H1,H15,5000,202
392,p393,20,"(-1000.0, 0.0)","(2500.0, 866.03)",H1,H2,4000,250
393,p394,20,"(1000.0, 0.0)","(2000.0, 1732.05)",H1,H19,1999,129
394,p395,20,"(0, 0)","(3000.0, 0.0)",H1,H9,3000,176
395,p396,20,"(-1000.0, 0.0)","(-1000.0, -1732.05)",H1,H13,1999,89
396,p397,20,"(0, 0)","(-1000.0, -1732.05)",H1,H5,1999,92
397,p398,20,"(-1000.0, 0.0)","(-2500.0, 2598.08)",H1,H17,3000,169
398,p399,20,"(1000.0, 0.0)","(-1000.0, -1732.05)",H1,H13,2999,147
399,p400,20,"(1000.0, 0.0)","(-3500.0, 866.03)",H1,H15,5000,278
400,p401,20,"(-500.0, 866.03)","(3500.0, 2598.08)",H1,H8,4999,230
401,p402,20,"(1000.0, 0.0)","(2500.0, 2598.08)",H1,H19,3000,171
402,p403,20,"(-1000.0, 0.0)","(2000.0, -1732.05)",H1,H11,3999,219
403,p404,20,"(1000.0, 0.0)","(-3500.0, -866.03)",H1,H15,5000,263
404,p405,20,"(-1000.0, 0.0)","(-2000.0, -3464.1)",H1,H13,3999,214
405,p406,20,"(500.0, 866.03)","(3000.0, -1732.05)",H1,H10,4000,248
406,p407,20,"(500.0, 866.03)","(-2000.0, 0.0)",H1,H6,3000,117
407,p408,20,"(-1000.0, 0.0)","(500.0, 866.03)",H1,H7,2000,95
408,p409,20,"(500.0, 866.03)","(-2000.0, 1732.05)",H1,H17,2999,189
409,p410,20,"(-1000.0, 0.0)","(1000.0, 0.0)",H1,H2,2000,137
410,p411,20,"(-1000.0, 0.0)","(-1500.0, -2598.08)",H1,H13,3000,157
411,p412,20,"(500.0, -866.03)","(-2000.0, 0.0)",H1,H6,3000,170
412,p413,20,"(-1000.0, 0.0)","(2000.0, 0.0)",H1,H9,3000,146
413,p414,20,"(1000.0, 0.0)","(2000.0, 3464.1)",H1,H19,3999,208
414,p415,20,"(500.0, -866.03)","(2000.0, -0.0)",H1,H2,2000,110
415,p416,21,"(-1000.0, 0.0)","(1500.0, -866.03)",H1,H3,3000,154
416,p417,21,"(500.0, 866.03)","(-2500.0, 2598.08)",H1,H16,3999,162
417,p418,21,"(1000.0, 0.0)","(500.0, 4330.13)",H1,H18,5000,213
418,p419,21,"(-500.0, 866.03)","(-4000.0, 0.0)",H1,H15,4000,186
419,p420,21,"(500.0, 866.03)","(2500.0, 2598.08)",H1,H19,2999,141
420,p421,21,"(500.0, -866.03)","(-500.0, -2598.08)",H1,H13,1999,113
421,p422,21,"(-1000.0, 0.0)","(2500.0, -866.03)",H1,H10,4000,172
422,p423,21,"(500.0, 866.03)","(-2000.0, -1732.05)",H1,H5,4000,203
423,p424,21,"(-1000.0, 0.0)","(-1000.0, -1732.05)",H1,H13,1999,88
424,p425,21,"(-500.0, -866.03)","(500.0, 2598.08)",H1,H18,4000,228
425,p426,21,"(-500.0, -866.03)","(-3500.0, -866.03)",H1,H15,3000,171
426,p427,21,"(500.0, 866.03)","(-2000.0, 0.0)",H1,H6,3000,162
427,p428,22,"(-500.0, 866.03)","(-1000.0, -3464.1)",H1,H12,5000,211
428,p429,22,"(500.0, 866.03)","(2500.0, -2598.08)",H1,H10,4000,216
429,p430,22,"(-500.0, -866.03)","(1000.0, 0.0)",H1,H2,2000,102
430,p431,22,"(500.0, -866.03)","(-1000.0, -3464.1)",H1,H13,2999,166
431,p432,22,"(500.0, 866.03)","(-500.0, -4330.13)",H1,H12,6000,357
432,p433,22,"(-1000.0, 0.0)","(2000.0, -3464.1)",H1,H11,4999,250
433,p434,22,"(0, 0)","(-2000.0, 1732.05)",H1,H17,2999,178
434,p435,22,"(-500.0, -866.03)","(-3000.0, 1732.05)",H1,H16,4000,228
435,p436,22,"(500.0, 866.03)","(-500.0, 2598.08)",H1,H18,1999,123
436,p437,22,"(0, 0)","(2500.0, -2598.08)",H1,H11,4000,178
437,p438,22,"(-500.0, -866.03)","(2500.0, -2598.08)",H1,H11,3999,200
438,p439,22,"(-500.0, 866.03)","(2000.0, 3464.1)",H1,H19,3999,176
439,p440,22,"(-500.0, 866.03)","(4000.0, -1732.05)",H1,H10,6000,274
440,p441,22,"(500.0, 866.03)","(-2500.0, -866.03)",H1,H5,4000,186
441,p442,22,"(500.0, 866.03)","(0, -3464.1)",H1,H12,5000,217
442,p443,22,"(500.0, 866.03)","(-1000.0, -1732.05)",H1,H13,3000,141
443,p444,23,"(-500.0, 866.03)","(2500.0, 866.03)",H1,H9,3000,132
444,p445,23,"(-1000.0, 0.0)","(0, -1732.05)",H1,H4,1999,88
445,p446,23,"(1000.0, 0.0)","(2000.0, -1732.05)",H1,H3,1999,121
446,p447,23,"(500.0, 866.03)","(-3500.0, -866.03)",H1,H15,5000,251
447,p448,23,"(500.0, -866.03)","(-1000.0, -0.0)",H1,H6,2000,90
448,p449,23,"(1000.0, 0.0)","(3500.0, -866.03)",H1,H10,3000,158
449,p450,23,"(500.0, 866.03)","(1000.0, -1732.05)",H1,H11,3000,156
450,p451,23,"(-1000.0, 0.0)","(2000.0, 1732.05)",H1,H19,3999,171
451,p452,23,"(500.0, 866.03)","(-3000.0, -1732.05)",H1,H14,5000,209
452,p453,23,"(-500.0, 866.03)","(-2000.0, 0.0)",H1,H6,2000,142
453,p454,23,"(0, 0)","(-2000.0, 1732.05)",H1,H16,2999,131
454,p455,23,"(0, 0)","(2500.0, -2598.08)",H1,H11,4000,229
455,p456,23,"(-1000.0, 0.0)","(-3000.0, 0.0)",H1,H15,2000,106
456,p457,23,"(500.0, -866.03)","(3500.0, -866.03)",H1,H9,3000,156
457,p458,23,"(-500.0, 866.03)","(2500.0, 866.03)",H1,H9,3000,174
458,p459,23,"(-500.0, -866.03)","(2500.0, 866.03)",H1,H2,4000,155
459,p460,23,"(0, 0)","(1000.0, 3464.1)",H1,H18,3999,239
460,p461,24,"(500.0, -866.03)","(3000.0, 1732.05)",H1,H8,4000,235
461,p462,24,"(500.0, -866.03)","(2500.0, -866.03)",H1,H9,2000,92
462,p463,24,"(-500.0, -866.03)","(0, 1732.05)",H1,H7,3000,153
463,p464,24,"(500.0, 866.03)","(-3000.0, 1732.05)",H1,H16,3999,180
464,p465,24,"(500.0, -866.03)","(3000.0, 0.0)",H1,H9,3000,127
465,p466,24,"(500.0, -866.03)","(3500.0, -866.03)",H1,H9,3000,159
466,p467,24,"(-1000.0, 0.0)","(3500.0, -866.03)",H1,H10,5000,240
467,p468,24,"(-1000.0, 0.0)","(-3000.0, 1732.05)",H1,H16,2999,134
468,p469,24,"(0, 0)","(-2000.0, 3464.1)",H1,H17,3999,204
469,p470,24,"(-1000.0, 0.0)","(-500.0, 2598.08)",H1,H7,3000,181
470,p471,24,"(500.0, 866.03)","(0, 3464.1)",H1,H18,2999,199
471,p472,24,"(-500.0, -866.03)","(1500.0, -866.03)",H1,H3,2000,100
472,p473,24,"(1000.0, 0.0)","(-2000.0, 1732.05)",H1,H17,3999,247
473,p474,24,"(-500.0, 866.03)","(-2000.0, -3464.1)",H1,H13,5000,273
474,p475,24,"(1000.0, 0.0)","(-500.0, -4330.13)",H1,H12,5000,276
475,p476,24,"(1000.0, 0.0)","(-500.0, -2598.08)",H1,H4,3000,185
476,p477,24,"(1000.0, 0.0)","(-3500.0, 2598.08)",H1,H16,6000,251
477,p478,24,"(-1000.0, 0.0)","(-1000.0, -3464.1)",H1,H13,3999,197
478,p479,24,"(-500.0, -866.03)","(3500.0, -866.03)",H1,H9,4000,207
479,p480,25,"(-1000.0, 0.0)","(-1000.0, 1732.05)",H1,H7,1999,116
480,p481,25,"(500.0, 866.03)","(-3000.0, -1732.05)",H1,H14,5000,301
481,p482,25,"(500.0, 866.03)","(-2500.0, -2598.08)",H1,H14,5000,262
482,p483,25,"(-1000.0, 0.0)","(0, -3464.1)",H1,H12,3999,193
483,p484,25,"(-500.0, 866.03)","(-500.0, 2598.08)",H1,H7,1999,128
484,p485,25,"(500.0, 866.03)","(-1000.0, -1732.05)",H1,H4,3000,172
485,p486,25,"(500.0, 866.03)","(1000.0, -1732.05)",H1,H11,3000,183
486,p487,25,"(1000.0, 0.0)","(0, 3464.1)",H1,H18,3999,193
487,p488,25,"(1000.0, 0.0)","(-1500.0, -2598.08)",H1,H13,4000,190
488,p489,25,"(-500.0, -866.03)","(1000.0, 0.0)",H1,H1,2000,105
489,p490,25,"(-1000.0, 0.0)","(1000.0, -3464.1)",H1,H11,3999,159
490,p491,25,"(-500.0, 866.03)","(-2000.0, 3464.1)",H1,H17,2999,164
491,p492,25,"(-500.0, 866.03)","(1500.0, -2598.08)",H1,H11,4000,219
492,p493,25,"(-500.0, 866.03)","(500.0, -2598.08)",H1,H12,4000,174
493,p494,25,"(-500.0, 866.03)","(2500.0, -866.03)",H1,H10,4000,162
494,p495,25,"(500.0, -866.03)","(3000.0, 0.0)",H1,H9,3000,180
495,p496,25,"(0, 0)","(2000.0, -3464.1)",H1,H11,3999,236
496,p497,25,"(-500.0, -866.03)","(3500.0, 2598.08)",H1,H8,6000,360
497,p498,25,"(500.0, -866.03)","(1000.0, 1732.05)",H1,H2,3000,178
498,p499,26,"(0, 0)","(3000.0, 1732.05)",H1,H8,3999,229
499,p500,26,"(-1000.0, 0.0)","(-3500.0, 866.03)",H1,H16,3000,152
500,p501,26,"(500.0, -866.03)","(-500.0, -4330.13)",H1,H12,3999,194
501,p502,26,"(-500.0, -866.03)","(2500.0, 866.03)",H1,H9,4000,194
502,p503,26,"(500.0, 866.03)","(3500.0, 2598.08)",H1,H8,3999,186
503,p504,26,"(0, 0)","(-2500.0, 2598.08)",H1,H17,4000,234
504,p505,26,"(-500.0, -866.03)","(-1000.0, -3464.1)",H1,H13,2999,162
505,p506,26,"(500.0, -866.03)","(-500.0, -4330.13)",H1,H12,3999,223
506,p507,26,"(-500.0, 866.03)","(1000.0, 1732.05)",H1,H19,1999,111
507,p508,26,"(1000.0, 0.0)","(-500.0, -2598.08)",H1,H13,3000,145
508,p509,26,"(500.0, 866.03)","(-3500.0, -866.03)",H1,H14,5000,236
509,p510,26,"(-500.0, -866.03)","(3500.0, -2598.08)",H1,H10,4999,212
510,p511,26,"(-500.0, 866.03)","(0, -3464.1)",H1,H12,5000,236
511,p512,26,"(1000.0, 0.0)","(2000.0, 1732.05)",H1,H19,1999,145
512,p513,26,"(500.0, 866.03)","(-500.0, -866.03)",H1,H5,2000,118
513,p514,26,"(500.0, -866.03)","(-2500.0, -866.03)",H1,H14,3000,156
514,p515,27,"(-500.0, 866.03)","(-3500.0, -866.03)",H1,H15,4000,183
515,p516,27,"(500.0, -866.03)","(500.0, -2598.08)",H1,H11,1999,102
516,p517,27,"(500.0, 866.03)","(-500.0, 2598.08)",H1,H17,1999,125
517,p518,27,"(-500.0, -866.03)","(-3500.0, 2598.08)",H1,H16,5000,261
518,p519,27,"(-1000.0, 0.0)","(500.0, -866.03)",H1,H3,2000,125
519,p520,27,"(500.0, 866.03)","(2000.0, -3464.1)",H1,H11,5000,273
520,p521,27,"(-500.0, -866.03)","(3500.0, -2598.08)",H1,H10,4999,297
521,p522,27,"(-1000.0, 0.0)","(0, 3464.1)",H1,H18,3999,212
522,p523,27,"(-1000.0, 0.0)","(3500.0, -866.03)",H1,H10,5000,210
523,p524,27,"(500.0, 866.03)","(-500.0, -866.03)",H1,H5,2000,123
524,p525,27,"(-500.0, 866.03)","(-2000.0, -3464.1)",H1,H13,5000,270
525,p526,27,"(0, 0)","(-3500.0, -2598.08)",H1,H14,5000,231
526,p527,27,"(500.0, -866.03)","(500.0, -2598.08)",H1,H4,1999,101
527,p528,27,"(500.0, -866.03)","(-1000.0, 3464.1)",H1,H17,5000,291
528,p529,27,"(-500.0, -866.03)","(3500.0, 866.03)",H1,H8,5000,276
529,p530,27,"(500.0, 866.03)","(2000.0, -0.0)",H1,H2,2000,140
530,p531,27,"(-1000.0, 0.0)","(1500.0, -2598.08)",H1,H11,4000,212
531,p532,28,"(1000.0, 0.0)","(2000.0, -1732.05)",H1,H11,1999,93
532,p533,28,"(1000.0, 0.0)","(1500.0, 2598.08)",H1,H19,3000,157
533,p534,28,"(500.0, -866.03)","(2000.0, 1732.05)",H1,H8,3000,128
534,p535,28,"(-500.0, -866.03)","(-500.0, -2598.08)",H1,H4,1999,109
535,p536,28,"(-500.0, 866.03)","(1500.0, -2598.08)",H1,H11,4000,203
536,p537,28,"(500.0, -866.03)","(-3500.0, -2598.08)",H1,H14,4999,298
537,p538,28,"(-500.0, -866.03)","(-1000.0, -3464.1)",H1,H13,2999,152
538,p539,28,"(1000.0, 0.0)","(-2000.0, 1732.05)",H1,H6,3999,162
539,p540,28,"(-1000.0, 0.0)","(2000.0, 1732.05)",H1,H8,3999,172
540,p541,28,"(1000.0, 0.0)","(2500.0, 866.03)",H1,H8,2000,126
541,p542,28,"(-500.0, 866.03)","(3500.0, 2598.08)",H1,H8,4999,256
542,p543,28,"(-500.0, -866.03)","(-2000.0, 0.0)",H1,H5,2000,125
543,p544,28,"(-1000.0, 0.0)","(500.0, 866.03)",H1,H1,2000,123
544,p545,28,"(0, 0)","(-1000.0, -1732.05)",H1,H4,1999,122
545,p546,28,"(0, 0)","(2000.0, 1732.05)",H1,H2,2999,176
546,p547,28,"(500.0, 866.03)","(-2500.0, -2598.08)",H1,H13,5000,214
547,p548,28,"(-500.0, 866.03)","(4000.0, 0.0)",H1,H9,5000,256
548,p549,28,"(0, 0)","(2500.0, -2598.08)",H1,H10,4000,232
549,p550,28,"(-1000.0, 0.0)","(2500.0, 866.03)",H1,H8,4000,244
550,p551,28,"(-500.0, -866.03)","(-2500.0, -2598.08)",H1,H13,2999,187
551,p552,28,"(500.0, 866.03)","(-500.0, 2598.08)",H1,H7,1999,112
552,p553,28,"(500.0, -866.03)","(3500.0, -866.03)",H1,H9,3000,136
553,p554,28,"(500.0, 866.03)","(-2000.0, -3464.1)",H1,H13,5000,259
554,p555,28,"(1000.0, 0.0)","(-500.0, -866.03)",H1,H1,2000,130
555,p556,29,"(500.0, 866.03)","(4000.0, -1732.05)",H1,H10,5000,275
556,p557,29,"(500.0, 866.03)","(-2500.0, 866.03)",H1,H6,3000,155
557,p558,29,"(0, 0)","(2000.0, 1732.05)",H1,H8,2999,133
558,p559,29,"(-500.0, -866.03)","(500.0, 4330.13)",H1,H18,6000,378
559,p560,29,"(500.0, -866.03)","(-3500.0, -866.03)",H1,H14,4000,254
560,p561,29,"(500.0, -866.03)","(2500.0, -2598.08)",H1,H10,2999,130
561,p562,29,"(500.0, 866.03)","(2500.0, 866.03)",H1,H2,2000,101
562,p563,29,"(500.0, 866.03)","(2000.0, 1732.05)",H1,H2,1999,113
563,p564,29,"(500.0, 866.03)","(-2000.0, -3464.1)",H1,H13,5000,254
564,p565,29,"(1000.0, 0.0)","(-3000.0, 1732.05)",H1,H16,4999,254
565,p566,29,"(500.0, -866.03)","(-500.0, 2598.08)",H1,H7,4000,233
566,p567,29,"(1000.0, 0.0)","(2500.0, 866.03)",H1,H2,2000,117
567,p568,29,"(500.0, -866.03)","(-3000.0, 1732.05)",H1,H16,5000,275
568,p569,29,"(-1000.0, 0.0)","(1000.0, 3464.1)",H1,H18,3999,175
569,p570,29,"(500.0, 866.03)","(-3000.0, -1732.05)",H1,H14,5000,251
570,p571,29,"(500.0, 866.03)","(500.0, 2598.08)",H1,H19,1999,138
571,p572,29,"(-500.0, 866.03)","(1500.0, -866.03)",H1,H3,3000,144
572,p573,29,"(0, 0)","(3000.0, 1732.05)",H1,H8,3999,262
573,p574,29,"(-1000.0, 0.0)","(-2000.0, -1732.05)",H1,H5,1999,120
574,p575,29,"(-500.0, -866.03)","(-1500.0, -2598.08)",H1,H13,1999,118
575,p576,29,"(1000.0, 0.0)","(-500.0, 866.03)",H1,H1,2000,94
576,p577,29,"(-500.0, 866.03)","(-3500.0, 2598.08)",H1,H16,3999,209
577,p578,30,"(500.0, 866.03)","(-3500.0, -866.03)",H1,H15,5000,225
578,p579,30,"(-1000.0, 0.0)","(-4000.0, 1732.05)",H1,H16,3999,245
579,p580,30,"(-500.0, -866.03)","(-1000.0, -3464.1)",H1,H13,2999,163
580,p581,30,"(1000.0, 0.0)","(2500.0, -2598.08)",H1,H11,3000,167
581,p582,30,"(-1000.0, 0.0)","(1500.0, -2598.08)",H1,H11,4000,200
582,p583,30,"(500.0, 866.03)","(2000.0, -1732.05)",H1,H3,3000,145
583,p584,30,"(-500.0, -866.03)","(-500.0, 866.03)",H1,H6,2000,110
584,p585,30,"(-500.0, 866.03)","(-500.0, -866.03)",H1,H1,2000,134
585,p586,30,"(1000.0, 0.0)","(1000.0, -1732.05)",H1,H4,1999,120
586,p587,30,"(0, 0)","(-1000.0, 1732.05)",H1,H17,1999,125
587,p588,30,"(-500.0, -866.03)","(-2000.0, 1732.05)",H1,H6,3000,165
588,p589,30,"(1000.0, 0.0)","(-500.0, 2598.08)",H1,H17,3000,158
589,p590,30,"(1000.0, 0.0)","(-4000.0, 0.0)",H1,H15,5000,246
590,p591,30,"(0, 0)","(-2000.0, -3464.1)",H1,H13,3999,258
591,p592,30,"(500.0, -866.03)","(-2500.0, -866.03)",H1,H15,3000,178
592,p593,30,"(500.0, -866.03)","(2000.0, 0.0)",H1,H9,2000,113
593,p594,30,"(-500.0, 866.03)","(2000.0, -3464.1)",H1,H11,5000,225
594,p595,30,"(500.0, 866.03)","(-500.0, -2598.08)",H1,H13,4000,174
595,p596,30,"(-1000.0, 0.0)","(2500.0, 866.03)",H1,H8,4000,184
596,p597,30,"(-500.0, -866.03)","(-3500.0, -2598.08)",H1,H14,3999,179
597,p598,30,"(-1000.0, 0.0)","(-3500.0, -866.03)",H1,H15,3000,164
598,p599,30,"(0, 0)","(-1000.0, 1732.05)",H1,H17,1999,130
599,p600,30,"(500.0, 866.03)","(-2500.0, -866.03)",H1,H5,4000,179
600,p601,30,"(-500.0, 866.03)","(-500.0, 2598.08)",H1,H17,1999,117
601,p602,30,"(1000.0, 0.0)","(2500.0, -2598.08)",H1,H11,3000,128
602,p603,31,"(500.0, 866.03)","(3000.0, -1732.05)",H1,H10,4000,199
603,p604,31,"(0, 0)","(3000.0, 1732.05)",H1,H8,3999,223
604,p605,31,"(-1000.0, 0.0)","(1000.0, 1732.05)",H1,H7,2999,131
605,p606,31,"(-1000.0, 0.0)","(1000.0, 1732.05)",H1,H2,2999,142
606,p607,31,"(-1000.0, 0.0)","(500.0, -4330.13)",H1,H12,5000,283
607,p608,31,"(500.0, -866.03)","(-2500.0, -2598.08)",H1,H14,3999,155
608,p609,31,"(-1000.0, 0.0)","(2000.0, 0.0)",H1,H3,3000,189
609,p610,31,"(1000.0, 0.0)","(2500.0, 2598.08)",H1,H8,3000,189
610,p611,31,"(0, 0)","(2500.0, -866.03)",H1,H9,3000,157
611,p612,31,"(0, 0)","(500.0, -2598.08)",H1,H4,3000,205
612,p613,31,"(500.0, 866.03)","(-500.0, 2598.08)",H1,H7,1999,144
613,p614,31,"(-500.0, 866.03)","(-500.0, -2598.08)",H1,H4,4000,259
614,p615,31,"(0, 0)","(2000.0, 1732.05)",H1,H19,2999,148
615,p616,31,"(-500.0, 866.03)","(-4000.0, -1732.05)",H1,H14,5000,268
616,p617,31,"(-1000.0, 0.0)","(500.0, -866.03)",H1,H1,2000,132
617,p618,31,"(-500.0, 866.03)","(-3500.0, -2598.08)",H1,H14,5000,271
618,p619,31,"(-1000.0, 0.0)","(-500.0, 2598.08)",H1,H18,3000,157
619,p620,31,"(-500.0, -866.03)","(1000.0, -1732.05)",H1,H3,1999,115
620,p621,31,"(1000.0, 0.0)","(-1000.0, -1732.05)",H1,H13,2999,132
621,p622,31,"(0, 0)","(-500.0, 2598.08)",H1,H17,3000,146
622,p623,31,"(-500.0, 866.03)","(1000.0, 1732.05)",H1,H2,1999,115
623,p624,31,"(-500.0, -866.03)","(500.0, 2598.08)",H1,H18,4000,214
624,p625,31,"(0, 0)","(-2000.0, -1732.05)",H1,H14,2999,170
625,p626,31,"(-1000.0, 0.0)","(4000.0, 1732.05)",H1,H8,5999,290
626,p627,31,"(-1000.0, 0.0)","(-3500.0, 866.03)",H1,H16,3000,202
627,p628,31,"(500.0, 866.03)","(3500.0, 866.03)",H1,H8,3000,172
628,p629,31,"(-500.0, 866.03)","(2500.0, -2598.08)",H1,H10,5000,214
629,p630,32,"(500.0, 866.03)","(-2000.0, 1732.05)",H1,H6,2999,150
630,p631,32,"(500.0, -866.03)","(500.0, -2598.08)",H1,H11,1999,122
631,p632,32,"(1000.0, 0.0)","(4000.0, -1732.05)",H1,H10,3999,233
632,p633,32,"(1000.0, 0.0)","(-1000.0, -1732.05)",H1,H4,2999,158
633,p634,32,"(500.0, 866.03)","(-500.0, -866.03)",H1,H1,2000,123
634,p635,32,"(500.0, -866.03)","(-3500.0, 866.03)",H1,H16,5000,311
635,p636,32,"(-500.0, 866.03)","(1500.0, 866.03)",H1,H2,2000,122
636,p637,32,"(500.0, -866.03)","(3500.0, -866.03)",H1,H9,3000,189
637,p638,32,"(500.0, -866.03)","(2000.0, 1732.05)",H1,H19,3000,144
638,p639,32,"(-1000.0, 0.0)","(-1000.0, -1732.05)",H1,H5,1999,130
639,p640,32,"(500.0, 866.03)","(-1500.0, -2598.08)",H1,H13,4000,238
640,p641,32,"(-500.0, -866.03)","(1000.0, 1732.05)",H1,H2,3000,199
641,p642,32,"(-500.0, 866.03)","(-3500.0, 2598.08)",H1,H16,3999,236
642,p643,32,"(1000.0, 0.0)","(3500.0, 866.03)",H1,H9,3000,189
643,p644,32,"(500.0, 866.03)","(2500.0, 866.03)",H1,H8,2000,102
644,p645,32,"(-500.0, 866.03)","(1500.0, -2598.08)",H1,H11,4000,181
645,p646,32,"(1000.0, 0.0)","(-2000.0, -1732.05)",H1,H5,3999,222
646,p647,32,"(500.0, 866.03)","(2500.0, 2598.08)",H1,H19,2999,155
647,p648,32,"(500.0, -866.03)","(-2000.0, 3464.1)",H1,H17,5000,275
648,p649,33,"(0, 0)","(2500.0, -2598.08)",H1,H10,4000,220
649,p650,33,"(500.0, -866.03)","(500.0, 866.03)",H1,H1,2000,135
650,p651,33,"(-500.0, -866.03)","(-2000.0, 0.0)",H1,H15,2000,112
651,p652,33,"(-500.0, 866.03)","(-4000.0, -1732.05)",H1,H14,5000,261
652,p653,33,"(-500.0, -866.03)","(500.0, 4330.13)",H1,H18,6000,296
653,p654,33,"(0, 0)","(-2000.0, 0.0)",H1,H5,2000,119
654,p655,33,"(500.0, -866.03)","(-4000.0, -1732.05)",H1,H14,4999,270
655,p656,33,"(-500.0, 866.03)","(-500.0, -2598.08)",H1,H4,4000,206
656,p657,33,"(1000.0, 0.0)","(-500.0, 866.03)",H1,H6,2000,96
657,p658,33,"(-1000.0, 0.0)","(-2500.0, -2598.08)",H1,H13,3000,197
658,p659,33,"(-500.0, -866.03)","(2500.0, 2598.08)",H1,H8,5000,276
659,p660,33,"(500.0, 866.03)","(-3500.0, -2598.08)",H1,H14,6000,285
660,p661,33,"(1000.0, 0.0)","(1000.0, 1732.05)",H1,H7,1999,126
661,p662,33,"(0, 0)","(-1500.0, -866.03)",H1,H5,2000,140
662,p663,33,"(-1000.0, 0.0)","(-1000.0, -3464.1)",H1,H12,3999,228
663,p664,33,"(500.0, 866.03)","(1000.0, -1732.05)",H1,H4,3000,149
664,p665,33,"(0, 0)","(2500.0, 866.03)",H1,H2,3000,170
665,p666,33,"(500.0, -866.03)","(-2000.0, 1732.05)",H1,H16,4000,182
666,p667,33,"(-1000.0, 0.0)","(-3000.0, -1732.05)",H1,H14,2999,163
667,p668,33,"(0, 0)","(-1000.0, 1732.05)",H1,H6,1999,131
668,p669,34,"(500.0, -866.03)","(-1000.0, 1732.05)",H1,H17,3000,161
669,p670,34,"(500.0, -866.03)","(-1000.0, -1732.05)",H1,H4,1999,116
670,p671,34,"(0, 0)","(1500.0, -866.03)",H1,H3,2000,126
671,p672,34,"(500.0, 866.03)","(-2000.0, -3464.1)",H1,H13,5000,271
672,p673,34,"(500.0, -866.03)","(-1000.0, 1732.05)",H1,H17,3000,153
673,p674,34,"(500.0, 866.03)","(2000.0, -0.0)",H1,H2,2000,103
674,p675,34,"(-1000.0, 0.0)","(-3500.0, -2598.08)",H1,H14,4000,235
675,p676,34,"(0, 0)","(-1000.0, -3464.1)",H1,H12,3999,197
676,p677,34,"(0, 0)","(-2000.0, -1732.05)",H1,H13,2999,176
677,p678,34,"(500.0, 866.03)","(2500.0, -866.03)",H1,H9,3000,156
678,p679,34,"(-500.0, 866.03)","(-2000.0, 3464.1)",H1,H17,2999,178
679,p680,34,"(500.0, -866.03)","(-3500.0, 866.03)",H1,H16,5000,241
680,p681,34,"(-500.0, 866.03)","(2500.0, -866.03)",H1,H10,4000,255
681,p682,34,"(0, 0)","(2500.0, -866.03)",H1,H3,3000,176
682,p683,34,"(500.0, 866.03)","(-500.0, -866.03)",H1,H5,2000,130
683,p684,34,"(-500.0, -866.03)","(1000.0, -3464.1)",H1,H12,2999,171
684,p685,34,"(500.0, 866.03)","(-3500.0, -2598.08)",H1,H14,6000,362
685,p686,34,"(-500.0, -866.03)","(-2500.0, -866.03)",H1,H15,2000,133
686,p687,34,"(500.0, 866.03)","(-1500.0, 866.03)",H1,H6,2000,127
687,p688,34,"(-500.0, 866.03)","(-3500.0, 866.03)",H1,H15,3000,171
688,p689,34,"(0, 0)","(3500.0, 866.03)",H1,H9,4000,186
689,p690,34,"(-1000.0, 0.0)","(-1000.0, 3464.1)",H1,H18,3999,200
690,p691,34,"(0, 0)","(-1000.0, 1732.05)",H1,H6,1999,146
691,p692,34,"(1000.0, 0.0)","(-2500.0, -866.03)",H1,H5,4000,250
692,p693,34,"(-1000.0, 0.0)","(-3000.0, 0.0)",H1,H15,2000,135
693,p694,35,"(-1000.0, 0.0)","(-3500.0, -2598.08)",H1,H14,4000,181
694,p695,35,"(-1000.0, 0.0)","(-1000.0, 1732.05)",H1,H6,1999,146
695,p696,35,"(-500.0, 866.03)","(2500.0, 2598.08)",H1,H19,3999,186
696,p697,35,"(500.0, -866.03)","(-3500.0, -2598.08)",H1,H14,4999,313
697,p698,35,"(500.0, -866.03)","(-2000.0, 0.0)",H1,H6,3000,177
698,p699,35,"(0, 0)","(-500.0, 2598.08)",H1,H18,3000,175
699,p700,35,"(0, 0)","(-2500.0, -866.03)",H1,H15,3000,146
700,p701,35,"(0, 0)","(500.0, 4330.13)",H1,H18,5000,308
701,p702,35,"(-1000.0, 0.0)","(-500.0, 4330.13)",H1,H18,5000,230
702,p703,35,"(-500.0, -866.03)","(0, 1732.05)",H1,H7,3000,172
703,p704,35,"(-500.0, -866.03)","(-3000.0, -1732.05)",H1,H14,2999,213
704,p705,35,"(0, 0)","(-2000.0, 0.0)",H1,H5,2000,136
705,p706,35,"(-1000.0, 0.0)","(-2500.0, -866.03)",H1,H15,2000,103
706,p707,35,"(-500.0, -866.03)","(-500.0, -2598.08)",H1,H4,1999,132
707,p708,35,"(-500.0, -866.03)","(500.0, 866.03)",H1,H1,2000,132
708,p709,35,"(-500.0, -866.03)","(500.0, 866.03)",H1,H7,2000,129
709,p710,35,"(-500.0, 866.03)","(-1000.0, -1732.05)",H1,H5,3000,203
710,p711,35,"(-500.0, 866.03)","(-2500.0, -866.03)",H1,H5,3000,131
711,p712,35,"(-500.0, -866.03)","(500.0, -2598.08)",H1,H12,1999,104
712,p713,35,"(-500.0, -866.03)","(-3500.0, 2598.08)",H1,H16,5000,242
713,p714,35,"(-500.0, -866.03)","(3500.0, 866.03)",H1,H9,5000,221
714,p715,36,"(500.0, -866.03)","(2000.0, 1732.05)",H1,H2,3000,151
715,p716,36,"(-500.0, -866.03)","(-500.0, 866.03)",H1,H1,2000,135
716,p717,36,"(1000.0, 0.0)","(2000.0, -3464.1)",H1,H11,3999,225
717,p718,36,"(-500.0, 866.03)","(1500.0, 866.03)",H1,H2,2000,117
718,p719,36,"(500.0, 866.03)","(2000.0, 1732.05)",H1,H8,1999,140
719,p720,36,"(0, 0)","(-2500.0, 866.03)",H1,H16,3000,205
720,p721,36,"(500.0, -866.03)","(-500.0, -2598.08)",H1,H12,1999,102
721,p722,36,"(500.0, 866.03)","(2000.0, 0.0)",H1,H9,2000,113
722,p723,36,"(0, 0)","(-1000.0, -1732.05)",H1,H4,1999,107
723,p724,36,"(-500.0, 866.03)","(2000.0, 0.0)",H1,H9,3000,158
724,p725,36,"(-500.0, -866.03)","(-1500.0, 866.03)",H1,H6,2000,109
725,p726,36,"(-500.0, -866.03)","(3000.0, 1732.05)",H1,H8,5000,318
726,p727,36,"(1000.0, 0.0)","(-500.0, 4330.13)",H1,H18,5000,216
727,p728,36,"(1000.0, 0.0)","(-3000.0, 1732.05)",H1,H16,4999,267
728,p729,36,"(500.0, -866.03)","(-2000.0, 0.0)",H1,H6,3000,198
729,p730,36,"(-1000.0, 0.0)","(2000.0, -1732.05)",H1,H3,3999,262
730,p731,37,"(1000.0, 0.0)","(-2000.0, 1732.05)",H1,H6,3999,185
731,p732,37,"(1000.0, 0.0)","(2500.0, 866.03)",H1,H8,2000,147
732,p733,37,"(-1000.0, 0.0)","(2000.0, 0.0)",H1,H3,3000,197
733,p734,37,"(500.0, -866.03)","(-4000.0, 0.0)",H1,H15,5000,202
734,p735,37,"(-500.0, 866.03)","(2000.0, -3464.1)",H1,H11,5000,325
735,p736,37,"(500.0, 866.03)","(1500.0, 2598.08)",H1,H19,1999,144
736,p737,37,"(0, 0)","(2000.0, 0.0)",H1,H3,2000,108
737,p738,37,"(0, 0)","(2000.0, 0.0)",H1,H3,2000,126
738,p739,37,"(0, 0)","(1000.0, -1732.05)",H1,H4,1999,123
739,p740,37,"(-500.0, 866.03)","(1000.0, -1732.05)",H1,H11,3000,205
740,p741,37,"(500.0, -866.03)","(-4000.0, 1732.05)",H1,H16,6000,325
741,p742,37,"(1000.0, 0.0)","(-2000.0, -1732.05)",H1,H5,3999,196
742,p743,37,"(-500.0, -866.03)","(-500.0, 866.03)",H1,H7,2000,127
743,p744,37,"(0, 0)","(3500.0, 866.03)",H1,H8,4000,222
744,p745,38,"(-500.0, -866.03)","(1000.0, 0.0)",H1,H3,2000,131
745,p746,38,"(500.0, 866.03)","(-2000.0, 1732.05)",H1,H16,2999,136
746,p747,38,"(500.0, 866.03)","(-3000.0, 0.0)",H1,H15,4000,203
747,p748,38,"(500.0, 866.03)","(-3500.0, -866.03)",H1,H15,5000,305
748,p749,38,"(-500.0, 866.03)","(-4000.0, 1732.05)",H1,H16,3999,251
749,p750,38,"(-1000.0, 0.0)","(1000.0, 1732.05)",H1,H19,2999,167
750,p751,38,"(500.0, -866.03)","(500.0, -2598.08)",H1,H12,1999,113
751,p752,38,"(1000.0, 0.0)","(-3500.0, 866.03)",H1,H16,5000,227
752,p753,38,"(-1000.0, 0.0)","(0, -3464.1)",H1,H12,3999,263
753,p754,38,"(500.0, -866.03)","(4000.0, 0.0)",H1,H9,4000,180
754,p755,38,"(-1000.0, 0.0)","(-1000.0, 3464.1)",H1,H18,3999,194
755,p756,38,"(500.0, -866.03)","(3000.0, 0.0)",H1,H9,3000,166
756,p757,38,"(0, 0)","(1000.0, -3464.1)",H1,H12,3999,194
757,p758,38,"(500.0, 866.03)","(500.0, -866.03)",H1,H4,2000,133
758,p759,38,"(500.0, 866.03)","(2000.0, 0.0)",H1,H3,2000,139
759,p760,38,"(500.0, 866.03)","(-500.0, 2598.08)",H1,H17,1999,110
760,p761,38,"(-500.0, -866.03)","(1000.0, 3464.1)",H1,H19,5000,203
761,p762,38,"(0, 0)","(500.0, 2598.08)",H1,H18,3000,213
762,p763,38,"(500.0, -866.03)","(-2000.0, 1732.05)",H1,H6,4000,223
763,p764,38,"(500.0, 866.03)","(2000.0, -1732.05)",H1,H3,3000,206
764,p765,38,"(500.0, -866.03)","(2500.0, 866.03)",H1,H2,3000,189
765,p766,39,"(1000.0, 0.0)","(500.0, 2598.08)",H1,H18,3000,159
766,p767,39,"(-1000.0, 0.0)","(2000.0, 0.0)",H1,H9,3000,211
767,p768,39,"(-1000.0, 0.0)","(2000.0, -1732.05)",H1,H3,3999,231
768,p769,39,"(-500.0, -866.03)","(3500.0, 2598.08)",H1,H8,6000,287
769,p770,39,"(-500.0, -866.03)","(1500.0, -2598.08)",H1,H11,2999,136
770,p771,39,"(-500.0, 866.03)","(500.0, -4330.13)",H1,H12,6000,287
771,p772,39,"(-500.0, 866.03)","(-2500.0, -866.03)",H1,H15,3000,150
772,p773,39,"(1000.0, 0.0)","(2500.0, -2598.08)",H1,H11,3000,138
773,p774,39,"(500.0, -866.03)","(-2000.0, 0.0)",H1,H15,3000,178
774,p775,39,"(1000.0, 0.0)","(-500.0, 866.03)",H1,H1,2000,117
775,p776,39,"(0, 0)","(2500.0, -866.03)",H1,H10,3000,194
776,p777,39,"(0, 0)","(-3000.0, -1732.05)",H1,H14,3999,272
777,p778,39,"(-500.0, -866.03)","(-3000.0, -1732.05)",H1,H14,2999,160
778,p779,39,"(0, 0)","(-4000.0, 0.0)",H1,H15,4000,260
779,p780,39,"(-1000.0, 0.0)","(1000.0, 1732.05)",H1,H7,2999,174
780,p781,39,"(500.0, 866.03)","(-3000.0, 1732.05)",H1,H16,3999,217
781,p782,39,"(1000.0, 0.0)","(-500.0, 4330.13)",H1,H18,5000,246
782,p783,39,"(1000.0, 0.0)","(-4000.0, 0.0)",H1,H15,5000,300
783,p784,39,"(-500.0, -866.03)","(-2000.0, 0.0)",H1,H5,2000,144
784,p785,40,"(-1000.0, 0.0)","(1000.0, 3464.1)",H1,H18,3999,207
785,p786,40,"(500.0, -866.03)","(0, 1732.05)",H1,H7,3000,212
786,p787,40,"(0, 0)","(-2500.0, -2598.08)",H1,H13,4000,205
787,p788,40,"(1000.0, 0.0)","(500.0, 2598.08)",H1,H7,3000,180
788,p789,40,"(-1000.0, 0.0)","(1500.0, 2598.08)",H1,H19,4000,196
789,p790,40,"(500.0, 866.03)","(2500.0, 866.03)",H1,H9,2000,102
790,p791,40,"(500.0, -866.03)","(2000.0, 3464.1)",H1,H19,5000,274
791,p792,40,"(0, 0)","(1000.0, -1732.05)",H1,H3,1999,149
792,p793,40,"(-500.0, 866.03)","(-1000.0, -3464.1)",H1,H12,5000,334
793,p794,40,"(500.0, 866.03)","(3500.0, 2598.08)",H1,H8,3999,234
794,p795,40,"(1000.0, 0.0)","(-500.0, -4330.13)",H1,H12,5000,301
795,p796,40,"(1000.0, 0.0)","(-500.0, -866.03)",H1,H1,2000,141
796,p797,40,"(500.0, -866.03)","(-500.0, 2598.08)",H1,H17,4000,191
797,p798,40,"(500.0, -866.03)","(-2500.0, -2598.08)",H1,H13,3999,230
798,p799,40,"(0, 0)","(-500.0, -4330.13)",H1,H12,5000,328
799,p800,40,"(-500.0, -866.03)","(1500.0, -866.03)",H1,H3,2000,128
800,p801,40,"(-500.0, 866.03)","(-500.0, -866.03)",H1,H4,2000,122
801,p802,40,"(-1000.0, 0.0)","(1000.0, 0.0)",H1,H1,2000,103
802,p803,40,"(0, 0)","(2000.0, -1732.05)",H1,H3,2999,150
803,p804,40,"(500.0, -866.03)","(-1000.0, 0.0)",H1,H1,2000,151
804,p805,40,"(500.0, 866.03)","(-4000.0, -1732.05)",H1,H14,6000,379
805,p806,41,"(0, 0)","(-4000.0, -1732.05)",H1,H14,4999,277
806,p807,41,"(0, 0)","(0, 1732.05)",H1,H7,1999,142
807,p808,41,"(-500.0, -866.03)","(-3000.0, 1732.05)",H1,H16,4000,266
808,p809,41,"(500.0, 866.03)","(-500.0, 2598.08)",H1,H7,1999,141
809,p810,41,"(-500.0, 866.03)","(1500.0, 2598.08)",H1,H19,2999,183
810,p811,41,"(500.0, -866.03)","(3500.0, 866.03)",H1,H8,4000,223
811,p812,41,"(-1000.0, 0.0)","(-2000.0, 1732.05)",H1,H16,1999,138
812,p813,41,"(500.0, 866.03)","(-1500.0, 2598.08)",H1,H17,2999,194
813,p814,41,"(500.0, -866.03)","(4000.0, 0.0)",H1,H9,4000,209
814,p815,41,"(-500.0, 866.03)","(-2500.0, -866.03)",H1,H15,3000,192
815,p816,41,"(500.0, 866.03)","(2500.0, -866.03)",H1,H9,3000,140
816,p817,41,"(500.0, 866.03)","(0, 3464.1)",H1,H18,2999,192
817,p818,41,"(-500.0, -866.03)","(-2500.0, 866.03)",H1,H15,3000,190
818,p819,41,"(500.0, 866.03)","(3500.0, -2598.08)",H1,H10,5000,212
819,p820,41,"(500.0, -866.03)","(2000.0, -0.0)",H1,H2,2000,112
820,p821,41,"(-1000.0, 0.0)","(1000.0, 1732.05)",H1,H7,2999,210
821,p822,41,"(-1000.0, 0.0)","(-1000.0, 1732.05)",H1,H17,1999,154
822,p823,41,"(-500.0, -866.03)","(2500.0, -866.03)",H1,H3,3000,205
823,p824,41,"(0, 0)","(-1500.0, 2598.08)",H1,H17,3000,178
824,p825,41,"(-1000.0, 0.0)","(2000.0, -1732.05)",H1,H11,3999,187
825,p826,41,"(-500.0, 866.03)","(3500.0, -2598.08)",H1,H10,6000,239
826,p827,41,"(1000.0, 0.0)","(-500.0, 4330.13)",H1,H18,5000,296
827,p828,41,"(500.0, -866.03)","(500.0, 2598.08)",H1,H18,4000,255
828,p829,41,"(500.0, 866.03)","(-1000.0, 1732.05)",H1,H6,1999,147
829,p830,41,"(1000.0, 0.0)","(-1500.0, -2598.08)",H1,H13,4000,173
830,p831,41,"(1000.0, 0.0)","(-2500.0, -866.03)",H1,H15,4000,195
831,p832,41,"(500.0, -866.03)","(-1000.0, 3464.1)",H1,H18,5000,251
832,p833,41,"(500.0, 866.03)","(-2500.0, -2598.08)",H1,H13,5000,254
833,p834,41,"(-500.0, 866.03)","(500.0, 2598.08)",H1,H7,1999,113
834,p835,41,"(0, 0)","(-2500.0, -866.03)",H1,H14,3000,176
835,p836,41,"(0, 0)","(-2000.0, -1732.05)",H1,H13,2999,198
836,p837,42,"(500.0, -866.03)","(2500.0, 2598.08)",H1,H19,4000,262
837,p838,42,"(-500.0, 866.03)","(3500.0, -866.03)",H1,H9,5000,294
838,p839,42,"(1000.0, 0.0)","(-1500.0, 2598.08)",H1,H17,4000,231
839,p840,42,"(0, 0)","(-1000.0, 3464.1)",H1,H18,3999,234
840,p841,42,"(500.0, 866.03)","(-1500.0, 866.03)",H1,H6,2000,133
841,p842,42,"(-500.0, -866.03)","(1500.0, 2598.08)",H1,H19,4000,212
842,p843,42,"(1000.0, 0.0)","(3500.0, 866.03)",H1,H8,3000,153
843,p844,42,"(-500.0, 866.03)","(2000.0, 0.0)",H1,H3,3000,217
844,p845,42,"(-500.0, 866.03)","(-1500.0, -2598.08)",H1,H13,4000,227
845,p846,42,"(500.0, 866.03)","(2500.0, 866.03)",H1,H9,2000,126
846,p847,42,"(1000.0, 0.0)","(-500.0, -2598.08)",H1,H4,3000,166
847,p848,42,"(1000.0, 0.0)","(2000.0, 1732.05)",H1,H8,1999,150
848,p849,42,"(-500.0, 866.03)","(-4000.0, 0.0)",H1,H15,4000,248
849,p850,42,"(1000.0, 0.0)","(-500.0, 2598.08)",H1,H18,3000,184
850,p851,42,"(-500.0, -866.03)","(2000.0, -3464.1)",H1,H11,3999,246
851,p852,42,"(1000.0, 0.0)","(-500.0, 866.03)",H1,H6,2000,143
852,p853,42,"(-1000.0, 0.0)","(-2000.0, 3464.1)",H1,H17,3999,234
853,p854,43,"(-1000.0, 0.0)","(-3000.0, 0.0)",H1,H15,2000,123
854,p855,43,"(500.0, 866.03)","(2000.0, 0.0)",H1,H9,2000,146
855,p856,43,"(500.0, 866.03)","(500.0, 2598.08)",H1,H18,1999,128
856,p857,43,"(-500.0, -866.03)","(2000.0, 1732.05)",H1,H19,4000,204
857,p858,43,"(-500.0, -866.03)","(2000.0, 0.0)",H1,H9,3000,147
858,p859,43,"(-500.0, 866.03)","(1000.0, 0.0)",H1,H1,2000,111
859,p860,43,"(0, 0)","(-2500.0, -866.03)",H1,H14,3000,194
860,p861,43,"(1000.0, 0.0)","(1500.0, 2598.08)",H1,H19,3000,210
861,p862,43,"(1000.0, 0.0)","(-3500.0, -866.03)",H1,H15,5000,304
862,p863,43,"(-1000.0, 0.0)","(1000.0, 0.0)",H1,H3,2000,148
863,p864,43,"(-500.0, -866.03)","(2500.0, -866.03)",H1,H9,3000,209
864,p865,43,"(1000.0, 0.0)","(3500.0, -866.03)",H1,H9,3000,200
865,p866,43,"(-500.0, -866.03)","(500.0, -2598.08)",H1,H4,1999,138
866,p867,43,"(-500.0, 866.03)","(2000.0, 3464.1)",H1,H19,3999,238
867,p868,43,"(0, 0)","(1000.0, -3464.1)",H1,H11,3999,254
868,p869,44,"(500.0, -866.03)","(-2500.0, 866.03)",H1,H16,4000,204
869,p870,44,"(0, 0)","(-2500.0, -2598.08)",H1,H13,4000,226
870,p871,44,"(-500.0, 866.03)","(-3000.0, 1732.05)",H1,H16,2999,175
871,p872,44,"(-500.0, 866.03)","(500.0, 2598.08)",H1,H19,1999,130
872,p873,44,"(0, 0)","(-500.0, 4330.13)",H1,H18,5000,326
873,p874,44,"(500.0, 866.03)","(2500.0, -866.03)",H1,H9,3000,171
874,p875,44,"(-1000.0, 0.0)","(-1000.0, -1732.05)",H1,H5,1999,116
875,p876,44,"(-500.0, -866.03)","(-3500.0, -866.03)",H1,H15,3000,170
876,p877,44,"(-500.0, -866.03)","(-3500.0, -2598.08)",H1,H14,3999,238
877,p878,44,"(-500.0, 866.03)","(2500.0, -866.03)",H1,H9,4000,224
878,p879,44,"(-500.0, 866.03)","(-2500.0, 2598.08)",H1,H16,2999,202
879,p880,44,"(-1000.0, 0.0)","(-500.0, -2598.08)",H1,H13,3000,181
880,p881,44,"(0, 0)","(-3000.0, -1732.05)",H1,H14,3999,183
881,p882,44,"(1000.0, 0.0)","(-1000.0, -1732.05)",H1,H5,2999,195
882,p883,44,"(-500.0, 866.03)","(500.0, -866.03)",H1,H3,2000,125
883,p884,44,"(-500.0, 866.03)","(-500.0, 2598.08)",H1,H17,1999,134
884,p885,44,"(-500.0, -866.03)","(-500.0, 866.03)",H1,H7,2000,131
885,p886,45,"(0, 0)","(-4000.0, 0.0)",H1,H15,4000,229
886,p887,45,"(-1000.0, 0.0)","(2000.0, 1732.05)",H1,H2,3999,236
887,p888,45,"(-500.0, -866.03)","(3500.0, -2598.08)",H1,H10,4999,293
888,p889,45,"(-500.0, -866.03)","(-3000.0, 1732.05)",H1,H16,4000,227
889,p890,45,"(-1000.0, 0.0)","(3500.0, 866.03)",H1,H8,5000,315
890,p891,45,"(-1000.0, 0.0)","(0, -1732.05)",H1,H4,1999,127
891,p892,45,"(-1000.0, 0.0)","(1500.0, 2598.08)",H1,H19,4000,177
892,p893,45,"(0, 0)","(3500.0, -866.03)",H1,H9,4000,184
893,p894,45,"(500.0, 866.03)","(-500.0, -2598.08)",H1,H4,4000,215
894,p895,45,"(0, 0)","(1000.0, 3464.1)",H1,H18,3999,237
895,p896,45,"(0, 0)","(-500.0, 2598.08)",H1,H7,3000,198
896,p897,45,"(500.0, -866.03)","(2000.0, -1732.05)",H1,H11,1999,152
897,p898,45,"(-500.0, 866.03)","(-1000.0, 3464.1)",H1,H18,2999,148
898,p899,45,"(-500.0, -866.03)","(-3000.0, -1732.05)",H1,H14,2999,207
899,p900,46,"(500.0, 866.03)","(2000.0, 3464.1)",H1,H19,2999,171
900,p901,46,"(1000.0, 0.0)","(1500.0, 2598.08)",H1,H19,3000,154
901,p902,46,"(-500.0, 866.03)","(-500.0, -2598.08)",H1,H4,4000,209
902,p903,46,"(1000.0, 0.0)","(-2500.0, 866.03)",H1,H6,4000,283
903,p904,46,"(500.0, 866.03)","(-1000.0, -0.0)",H1,H6,2000,149
904,p905,46,"(500.0, 866.03)","(-1000.0, 3464.1)",H1,H17,2999,204
905,p906,46,"(-500.0, -866.03)","(-2000.0, 0.0)",H1,H6,2000,155
906,p907,46,"(0, 0)","(3500.0, -866.03)",H1,H10,4000,204
907,p908,46,"(1000.0, 0.0)","(-500.0, -2598.08)",H1,H12,3000,221
908,p909,46,"(-1000.0, 0.0)","(500.0, 866.03)",H1,H1,2000,119
909,p910,46,"(-500.0, 866.03)","(-2000.0, -1732.05)",H1,H14,3000,158
910,p911,46,"(1000.0, 0.0)","(1000.0, -1732.05)",H1,H11,1999,136
911,p912,47,"(500.0, -866.03)","(-1500.0, 866.03)",H1,H6,3000,167
912,p913,47,"(-1000.0, 0.0)","(-1000.0, 1732.05)",H1,H17,1999,141
913,p914,47,"(500.0, -866.03)","(-500.0, 2598.08)",H1,H18,4000,260
914,p915,47,"(1000.0, 0.0)","(2500.0, -2598.08)",H1,H11,3000,166
915,p916,47,"(1000.0, 0.0)","(-2500.0, -2598.08)",H1,H14,5000,299
916,p917,47,"(500.0, -866.03)","(1500.0, -2598.08)",H1,H11,1999,137
917,p918,47,"(1000.0, 0.0)","(0, -1732.05)",H1,H4,1999,130
918,p919,47,"(-500.0, -866.03)","(2000.0, 3464.1)",H1,H19,5000,272
919,p920,47,"(500.0, 866.03)","(-1000.0, 1732.05)",H1,H6,1999,140
920,p921,47,"(-1000.0, 0.0)","(-1000.0, 3464.1)",H1,H18,3999,198
921,p922,47,"(500.0, -866.03)","(-4000.0, -1732.05)",H1,H14,4999,323
922,p923,47,"(500.0, 866.03)","(1000.0, 3464.1)",H1,H18,2999,184
923,p924,47,"(-1000.0, 0.0)","(2000.0, -1732.05)",H1,H3,3999,184
924,p925,47,"(1000.0, 0.0)","(-500.0, 866.03)",H1,H7,2000,108
925,p926,47,"(1000.0, 0.0)","(-2000.0, 0.0)",H1,H15,3000,193
926,p927,47,"(-500.0, 866.03)","(2000.0, 1732.05)",H1,H19,2999,175
927,p928,47,"(-500.0, 866.03)","(1000.0, -1732.05)",H1,H4,3000,197
928,p929,47,"(-500.0, -866.03)","(3500.0, 866.03)",H1,H8,5000,224
929,p930,47,"(-1000.0, 0.0)","(500.0, -2598.08)",H1,H11,3000,213
930,p931,47,"(0, 0)","(2500.0, -866.03)",H1,H10,3000,177
931,p932,48,"(-500.0, 866.03)","(-3000.0, -1732.05)",H1,H14,4000,184
932,p933,48,"(1000.0, 0.0)","(-2000.0, -1732.05)",H1,H5,3999,230
933,p934,48,"(1000.0, 0.0)","(3500.0, -866.03)",H1,H9,3000,138
934,p935,48,"(-500.0, 866.03)","(-500.0, -866.03)",H1,H1,2000,113
935,p936,48,"(-1000.0, 0.0)","(2000.0, 1732.05)",H1,H8,3999,266
936,p937,48,"(500.0, 866.03)","(1500.0, 2598.08)",H1,H19,1999,139
937,p938,48,"(0, 0)","(-500.0, 2598.08)",H1,H17,3000,219
938,p939,48,"(500.0, 866.03)","(2000.0, 0.0)",H1,H9,2000,143
939,p940,48,"(-500.0, -866.03)","(1000.0, 1732.05)",H1,H19,3000,160
940,p941,48,"(-500.0, 866.03)","(3000.0, 0.0)",H1,H9,4000,288
941,p942,48,"(-500.0, 866.03)","(-500.0, -866.03)",H1,H5,2000,136
942,p943,48,"(-1000.0, 0.0)","(3000.0, -1732.05)",H1,H10,4999,291
943,p944,48,"(-1000.0, 0.0)","(1000.0, 1732.05)",H1,H7,2999,181
944,p945,48,"(0, 0)","(-3500.0, 2598.08)",H1,H16,5000,255
945,p946,48,"(500.0, -866.03)","(1000.0, 1732.05)",H1,H7,3000,180
946,p947,48,"(500.0, -866.03)","(-2000.0, 1732.05)",H1,H17,4000,187
947,p948,48,"(-1000.0, 0.0)","(-2000.0, 3464.1)",H1,H17,3999,221
948,p949,48,"(500.0, 866.03)","(4000.0, 0.0)",H1,H9,4000,267
949,p950,49,"(500.0, -866.03)","(2500.0, -866.03)",H1,H10,2000,123
950,p951,49,"(0, 0)","(3500.0, -866.03)",H1,H10,4000,178
951,p952,49,"(-500.0, -866.03)","(-2000.0, -1732.05)",H1,H14,1999,147
952,p953,49,"(1000.0, 0.0)","(-2000.0, -1732.05)",H1,H5,3999,205
953,p954,49,"(0, 0)","(2000.0, -1732.05)",H1,H3,2999,149
954,p955,49,"(500.0, -866.03)","(-3500.0, 866.03)",H1,H15,5000,265
955,p956,49,"(-1000.0, 0.0)","(2000.0, 0.0)",H1,H3,3000,187
956,p957,49,"(1000.0, 0.0)","(2500.0, 866.03)",H1,H2,2000,148
957,p958,49,"(1000.0, 0.0)","(-4000.0, 0.0)",H1,H15,5000,271
958,p959,49,"(500.0, -866.03)","(-2500.0, 866.03)",H1,H16,4000,205
959,p960,49,"(-500.0, -866.03)","(2000.0, 1732.05)",H1,H19,4000,200
960,p961,49,"(0, 0)","(0, -1732.05)",H1,H4,1999,126
961,p962,49,"(-1000.0, 0.0)","(-3500.0, 866.03)",H1,H15,3000,175
962,p963,49,"(-1000.0, 0.0)","(500.0, 866.03)",H1,H1,2000,151
963,p964,49,"(-1000.0, 0.0)","(-500.0, 2598.08)",H1,H17,3000,216
964,p965,49,"(500.0, 866.03)","(-2000.0, -1732.05)",H1,H14,4000,207
965,p966,49,"(0, 0)","(-3500.0, 866.03)",H1,H15,4000,265
966,p967,49,"(0, 0)","(500.0, 4330.13)",H1,H18,5000,292
967,p968,49,"(-500.0, -866.03)","(-500.0, 866.03)",H1,H7,2000,142
968,p969,49,"(0, 0)","(1000.0, 3464.1)",H1,H19,3999,212
969,p970,49,"(-500.0, -866.03)","(500.0, -2598.08)",H1,H4,1999,145
970,p971,49,"(1000.0, 0.0)","(-500.0, -4330.13)",H1,H12,5000,283
971,p972,49,"(1000.0, 0.0)","(1000.0, 3464.1)",H1,H18,3999,191
972,p973,49,"(-1000.0, 0.0)","(-1500.0, 2598.08)",H1,H17,3000,147
973,p974,50,"(1000.0, 0.0)","(500.0, 2598.08)",H1,H18,3000,186
974,p975,50,"(0, 0)","(-1500.0, 866.03)",H1,H6,2000,116
975,p976,50,"(0, 0)","(3000.0, 0.0)",H1,H9,3000,203
976,p977,50,"(0, 0)","(-1500.0, -866.03)",H1,H5,2000,129
977,p978,50,"(-500.0, 866.03)","(3500.0, 866.03)",H1,H9,4000,256
978,p979,50,"(1000.0, 0.0)","(2000.0, -1732.05)",H1,H10,1999,125
979,p980,50,"(500.0, 866.03)","(2500.0, 866.03)",H1,H8,2000,136
980,p981,50,"(0, 0)","(-2500.0, -2598.08)",H1,H13,4000,218
981,p982,50,"(-500.0, -866.03)","(2500.0, -2598.08)",H1,H11,3999,235
982,p983,50,"(500.0, 866.03)","(-500.0, -4330.13)",H1,H12,6000,345
983,p984,50,"(-500.0, -866.03)","(-2000.0, 1732.05)",H1,H6,3000,185
984,p985,50,"(0, 0)","(-3000.0, 1732.05)",H1,H16,3999,235
985,p986,50,"(500.0, -866.03)","(4000.0, 1732.05)",H1,H8,5000,251
986,p987,50,"(1000.0, 0.0)","(2500.0, -866.03)",H1,H3,2000,151
987,p988,50,"(-1000.0, 0.0)","(-500.0, -2598.08)",H1,H4,3000,189
988,p989,50,"(-500.0, 866.03)","(-2000.0, -1732.05)",H1,H13,3000,207
989,p990,50,"(-500.0, 866.03)","(-500.0, 4330.13)",H1,H18,3999,264
990,p991,51,"(0, 0)","(-2000.0, 0.0)",H1,H5,2000,143
991,p992,51,"(500.0, -866.03)","(-500.0, 866.03)",H1,H7,2000,160
992,p993,51,"(1000.0, 0.0)","(500.0, 2598.08)",H1,H19,3000,160
993,p994,51,"(500.0, 866.03)","(-500.0, 2598.08)",H1,H7,1999,139
994,p995,51,"(-500.0, 866.03)","(-500.0, -866.03)",H1,H5,2000,138
995,p996,51,"(0, 0)","(4000.0, 1732.05)",H1,H8,4999,342
996,p997,51,"(0, 0)","(1000.0, -3464.1)",H1,H11,3999,221
997,p998,51,"(1000.0, 0.0)","(-1000.0, 1732.05)",H1,H6,2999,200
998,p999,51,"(500.0, 866.03)","(2500.0, -2598.08)",H1,H10,4000,281
999,p1000,51,"(-500.0, -866.03)","(-3000.0, 0.0)",H1,H15,3000,184
